SampleID	Gtseq_Chr28_Geno	Pop_Structure_ID	CV_Fall	CV_Late_Fall	CV_Spring	CV_Winter	Tributary	ButteFall	FRHfall	FRHsp	MillDeerFall	SanJoaquinFall	ButteSp	MillDeerSp	ColemanLF	SacWin
BTC_1_A_1	EARLY	SPRING	0.96	0.04	0	0	Feather River Spring	0.284	0.486	0.006	0.128	0.06	0	0	0.036	0
BTC_1_A_2	EARLY	SPRING	1	0	0	0	Feather River Spring	0	0.891	0.034	0	0.075	0	0	0	0
BTC_1_A_3	EARLY	SPRING	0.99	0.01	0	0	Feather River Spring	0.008	0.225	0.157	0.008	0.597	0	0	0.006	0
BTC_2_A_1	EARLY	SPRING	0.02	0	0.98	0	ButteSp	0	0.016	0.002	0	0	0.704	0.278	0	0
BTC_2_A_2	EARLY	SPRING	1	0	0	0	Feather River Spring	0	0.996	0.004	0	0	0	0	0	0
BTC_2_A_3	EARLY	SPRING	0.86	0	0.14	0	Feather River Spring	0.011	0.847	0.001	0	0	0.141	0	0	0
BTC_3_A_1	EARLY	SPRING	0.74	0	0.26	0	Feather River Spring	0.001	0.267	0.476	0	0	0.219	0.037	0	0
BTC_3_A_2	EARLY	SPRING	0	0	1	0	ButteSp	0	0.001	0	0	0	0.999	0	0	0
BTC_4_B_1	EARLY	SPRING	1	0	0	0	Feather River Spring	0	0.044	0.953	0	0.002	0	0	0	0
BTC_4_B_2	EARLY	SPRING	0.99	0	0.01	0	Feather River Spring	0	0.984	0.001	0.004	0.001	0.009	0	0	0
BTC_4_B_3	EARLY	SPRING	0.24	0	0.76	0	ButteSp	0.041	0.145	0.05	0	0	0.763	0	0	0
BTC_6_B_1	EARLY	SPRING	1	0	0	0	Feather River Spring	0.001	0.034	0.954	0.008	0.003	0	0	0	0
BTC_6_B_2	EARLY	SPRING	0.03	0	0.97	0	ButteSp	0	0.013	0.017	0	0	0.969	0.002	0	0
BTC_6_C_1		FALL	0.94	0.05	0.01	0		0.07	0.143	0.04	0.323	0.368	0.01	0	0.046	0
BTC_7_A_1	EARLY	SPRING	0	0	1	0	ButteSp	0	0	0	0	0	1	0	0	0
BTC_7_B_1	EARLY	SPRING	0	0	1	0	ButteSp	0	0	0	0	0	1	0	0	0
BTC_7_B_2																
BTC_7_B_3	LATE	FALL	0.98	0.02	0	0		0	0.899	0	0.084	0.001	0	0	0.015	0
BTC_7_B_4	EARLY	SPRING	0.57	0.01	0.42	0	Feather River Spring	0.01	0.469	0.005	0.05	0.039	0.422	0	0.006	0
BTC_7_C_1																
BTC_7_C_2		FALL	0.67	0.01	0.32	0		0.009	0.289	0.308	0.044	0.024	0.316	0.001	0.01	0
BTC_7_C_3																
BTC_8_A_1	LATE	LATEFALL	0	1	0	0		0	0	0	0	0	0	0	1	0
BTC_8_A_2	LATE	FALL	1	0	0	0		0.011	0.002	0	0.985	0.002	0	0	0	0
BTC_8_A_3	LATE	FALL	1	0	0	0		0.066	0.035	0	0.688	0.206	0	0	0.004	0
BTC_8_B_1		FALL	0.85	0.02	0.13	0		0.031	0.399	0.056	0.336	0.032	0.127	0.002	0.017	0
BTC_8_B_2																
BTC_8_B_3	LATE	LATEFALL	0	1	0	0		0	0.004	0	0	0	0	0	0.996	0
BTC_8_C_1	EARLY	SPRING	0	0	1	0	ButteSp	0	0	0	0	0	1	0	0	0
BTC_8_C_2		SPRING	0.03	0	0.97	0	ButteSp	0.001	0.019	0.001	0.001	0.003	0.974	0	0	0
BTC_8_C_3																
BTC22_10_B_1	LATE	LATEFALL	0	1	0	0		0	0	0	0	0	0	0	1	0
BTC22_10_B_2	EARLY	SPRING	0	0	0.99	0	ButteSp	0	0.005	0	0	0	0.995	0	0	0
BTC22_10_B_3	LATE	FALL	0.99	0.01	0	0		0	0.013	0	0.046	0.935	0	0	0.005	0
BTC22_10_C_1	LATE	FALL	0.94	0.06	0	0		0.009	0.064	0.012	0.553	0.302	0	0	0.06	0
BTC22_10_C_2	LATE	FALL	1	0	0	0		0.01	0.439	0.034	0.378	0.139	0	0	0.001	0
BTC22_10_C_3	LATE	FALL	1	0	0	0		0	0.572	0.196	0.009	0.222	0	0	0	0
BTC22_10_C_4	LATE	LATEFALL	0	1	0	0		0	0	0	0	0	0	0	1	0
BTC22_10_C_5	LATE	LATEFALL	0	1	0	0		0	0	0	0	0	0	0	1	0
BTC22_10_C_6	LATE	LATEFALL	0	1	0	0		0	0	0	0	0	0	0	1	0
BTC22_10_C_7	LATE	LATEFALL	0.01	0.99	0	0		0	0	0	0	0.006	0	0	0.994	0
BTC22_10_C_8	LATE	LATEFALL	0	1	0	0		0	0	0	0	0	0	0	1	0
BTC22_8_D_1	EARLY	SPRING	1	0	0	0	Feather River Spring	0.009	0.989	0.002	0	0	0	0	0	0
BTC22_8_D_2	EARLY	SPRING	0.64	0.03	0.33	0	Feather River Spring	0.383	0.109	0.003	0.141	0	0.327	0.005	0.031	0
BTC22_9_B_1	LATE	FALL	0.99	0.01	0	0		0.004	0.561	0.002	0.423	0.004	0	0	0.006	0
BTC22_9_B_2	EARLY	SPRING	1	0	0	0	Feather River Spring	0	0.807	0.191	0	0.001	0.001	0	0	0
BTC22_9_B_3	LATE	LATEFALL	0	1	0	0		0	0	0	0	0	0	0	1	0
BTC22_9_C_1	EARLY	SPRING	0	0	1	0	ButteSp	0	0	0	0	0	1	0	0	0
BTC22_9_C_2	EARLY	SPRING	1	0	0	0	Feather River Spring	0	0.66	0.001	0.002	0.337	0	0	0	0
BTC22_9_C_3	EARLY	SPRING	0.86	0	0.14	0	Feather River Spring	0	0.211	0.643	0	0.005	0.117	0.023	0	0
BTC22_9_C_4	EARLY	SPRING	1	0	0	0	Feather River Spring	0.058	0.504	0.002	0.431	0	0.001	0.003	0	0
BTC22_9_D_1	EARLY	SPRING	0.06	0	0.94	0	ButteSp	0	0.059	0	0	0	0.934	0.007	0	0
BTC22_WR_1	EARLY	WINTER	0	0	0	1		0	0	0	0	0	0	0	0	1
BTC22_WR_10	EARLY	WINTER	0	0	0	1		0	0	0	0	0	0	0	0	1
BTC22_WR_2	EARLY	WINTER	0	0	0	1		0	0	0	0	0	0	0	0	1
BTC22_WR_3	EARLY	WINTER	0	0	0	1		0	0	0	0	0	0	0	0	1
BTC22_WR_4	EARLY	WINTER	0	0	0	1		0	0	0	0	0	0	0	0	1
BTC22_WR_5	EARLY	WINTER	0	0	0	1		0	0	0	0	0	0	0	0	1
BTC22_WR_6	EARLY	WINTER	0	0	0	1		0	0	0	0	0	0	0	0	1
BTC22_WR_7	EARLY	WINTER	0	0	0	1		0	0	0	0	0	0	0	0	1
BTC22_WR_8	EARLY	WINTER	0	0	0	1		0	0	0	0	0	0	0	0	1
BTC22_WR_9	EARLY	WINTER	0	0	0	1		0	0	0	0	0	0	0	0	1
BUT_1_A_1	HETEROZYGOTE	SPRING	0	0	1	0	ButteSp	0	0	0	0	0	1	0	0	0
BUT_1_A_2	HETEROZYGOTE	SPRING	0	0	1	0	ButteSp	0	0	0	0	0	1	0	0	0
BUT_1_A_4	HETEROZYGOTE	SPRING	0	0	1	0	ButteSp	0	0	0	0	0	1	0	0	0
BUT_2_A_1	EARLY	SPRING	0	0	1	0	ButteSp	0	0	0	0	0	1	0	0	0
BUT_2_A_2	LATE	FALL	1	0	0	0		0.069	0.651	0.002	0.022	0.255	0	0	0.001	0
BUT_2_A_3	HETEROZYGOTE	SPRING	0	0	1	0	ButteSp	0	0.003	0	0	0	0.997	0	0	0
BUT_2_A_4	HETEROZYGOTE	FALL	0.99	0.01	0	0		0.165	0.639	0.055	0.03	0.107	0	0	0.006	0
BUT22_10_B_1	EARLY	SPRING	0	0	1	0	ButteSp	0	0	0	0	0	1	0	0	0
BUT22_10_B_2	EARLY	SPRING	0	0	1	0	ButteSp	0	0	0	0	0	1	0	0	0
BUT22_10_B_3	EARLY	SPRING	0	0	1	0	ButteSp	0	0	0	0	0	1	0	0	0
BUT22_10_B_4	EARLY	SPRING	0	0	1	0	ButteSp	0	0	0	0	0	0.999	0.001	0	0
BUT22_10_C_1	LATE	FALL	1	0	0	0		0.039	0.031	0	0.001	0.929	0	0	0	0
BUT22_10_C_2	HETEROZYGOTE	FALL	1	0	0	0		0.003	0.068	0.836	0	0.092	0	0	0	0
BUT22_10_C_3	LATE	FALL	1	0	0	0		0.007	0.169	0.672	0.001	0.151	0	0	0	0
BUT22_10_C_4	LATE	FALL	1	0	0	0		0.001	0.509	0.484	0.004	0.003	0	0	0	0
BUT22_3_A_1																
BUT22_3_A_2	EARLY	SPRING	0	0	1	0	ButteSp	0	0	0	0	0	1	0	0	0
BUT22_3_A_3	EARLY	SPRING	0.01	0	0.99	0	ButteSp	0	0.002	0.01	0	0	0.989	0	0	0
BUT22_3_A_4																
BUT22_4_A_1	EARLY	SPRING	0	0	1	0	ButteSp	0	0	0	0	0	1	0	0	0
BUT22_4_A_2	EARLY	SPRING	0	0	1	0	ButteSp	0	0	0	0	0	1	0	0	0
BUT22_4_A_3	EARLY	SPRING	0.29	0	0.71	0	ButteSp	0	0.059	0.015	0	0.217	0.704	0.003	0.001	0
BUT22_4_A_4	EARLY	SPRING	0	0	1	0	ButteSp	0	0	0	0	0	1	0	0	0
BUT22_4_B_2	EARLY	SPRING	0	0	1	0	ButteSp	0	0	0	0	0	1	0	0	0
BUT22_4_B_3	EARLY	SPRING	0	0	1	0	ButteSp	0	0	0	0	0	1	0	0	0
BUT22_5_A_2	EARLY	SPRING	0	0	1	0	ButteSp	0	0.002	0.001	0	0	0.997	0	0	0
BUT22_5_A_3	EARLY	SPRING	0	0	1	0	ButteSp	0	0	0	0	0	1	0	0	0
BUT22_6_A_1	EARLY	SPRING	0	0	1	0	ButteSp	0	0	0	0	0	1	0	0	0
BUT22_6_A_2	EARLY	SPRING	0	0	1	0	ButteSp	0	0	0	0	0	1	0	0	0
BUT22_6_A_3	EARLY	SPRING	0	0	1	0	ButteSp	0	0	0	0	0	1	0	0	0
BUT22_6_A_4	EARLY	SPRING	0	0	1	0	ButteSp	0	0	0	0	0	1	0	0	0
BUT22_6_B_1	EARLY	SPRING	0	0	1	0	ButteSp	0	0	0	0	0	1	0	0	0
BUT22_6_B_4	EARLY	SPRING	0	0	1	0	ButteSp	0	0	0	0	0	1	0	0	0
BUT22_6_C_1	EARLY	SPRING	0	0	1	0	ButteSp	0	0	0	0	0	1	0	0	0
BUT22_7_A_1	EARLY	SPRING	0	0	1	0	ButteSp	0	0	0	0	0	1	0	0	0
BUT22_7_A_2	EARLY	SPRING	0	0	1	0	ButteSp	0	0	0	0	0	1	0	0	0
BUT22_7_A_3	EARLY	SPRING	0	0	1	0	ButteSp	0	0	0	0	0	1	0	0	0
BUT22_7_A_4	EARLY	SPRING	0	0	1	0	ButteSp	0	0	0	0	0	1	0	0	0
BUT22_7_B_1	EARLY	SPRING	0	0	1	0	ButteSp	0	0	0	0	0	1	0	0	0
BUT22_7_B_2	EARLY	SPRING	0	0	1	0	ButteSp	0	0	0	0	0	1	0	0	0
BUT22_7_B_3	EARLY	SPRING	0	0	1	0	ButteSp	0	0	0	0	0	1	0	0	0
BUT22_7_B_4	EARLY	SPRING	0	0	1	0	ButteSp	0	0	0	0	0	1	0	0	0
BUT22_7_C_1	EARLY	SPRING	0	0	1	0	ButteSp	0	0	0	0	0	1	0	0	0
BUT22_7_C_2	EARLY	SPRING	0	0	1	0	ButteSp	0	0	0	0	0	1	0	0	0
BUT22_7_C_3	EARLY	SPRING	0	0	1	0	ButteSp	0	0	0	0	0	1	0	0	0
BUT22_7_C_4	EARLY	SPRING	0	0	1	0	ButteSp	0	0	0	0	0	1	0	0	0
BUT22_8_A_1	EARLY	SPRING	0	0	1	0	ButteSp	0	0	0	0	0	1	0	0	0
BUT22_8_A_2	EARLY	SPRING	0	0	1	0	ButteSp	0	0	0	0	0	1	0	0	0
BUT22_8_A_3	EARLY	SPRING	0	0	1	0	ButteSp	0	0	0	0	0	1	0	0	0
BUT22_8_A_4	EARLY	SPRING	0	0	1	0	ButteSp	0	0	0	0	0	1	0	0	0
BUT22_8_B_1	EARLY	SPRING	0	0	1	0	ButteSp	0	0	0	0	0	1	0	0	0
BUT22_8_B_2	HETEROZYGOTE						ButteSp									
BUT22_8_B_3	EARLY	SPRING	0	0	1	0	ButteSp	0	0	0	0	0	1	0	0	0
BUT22_8_B_4	EARLY	SPRING	0	0	1	0	ButteSp	0	0.001	0	0	0	0.999	0	0	0
BUT22_8_C_1	EARLY	SPRING	0	0	1	0	ButteSp	0	0	0	0	0	1	0	0	0
BUT22_8_C_3	EARLY	SPRING	0	0	1	0	ButteSp	0	0	0	0	0	1	0	0	0
BUT22_8_C_4	EARLY	SPRING	0	0	1	0	ButteSp	0	0	0	0	0	1	0	0	0
BUT22_9_A_1	EARLY	SPRING	0	0	1	0	ButteSp	0	0	0	0	0	1	0	0	0
BUT22_9_A_2	EARLY	SPRING	0	0	1	0	ButteSp	0	0	0	0	0	1	0	0	0
BUT22_9_A_3	EARLY	SPRING	0	0	1	0	ButteSp	0	0	0	0	0	1	0	0	0
BUT22_9_A_4	EARLY	SPRING	0	0	1	0	ButteSp	0	0	0	0	0	1	0	0	0
BUT22_9_B_1	EARLY	SPRING	0	0	1	0	ButteSp	0	0	0	0	0	1	0	0	0
BUT22_9_B_2	EARLY	SPRING	0	0	1	0	ButteSp	0	0	0	0	0	1	0	0	0
BUT22_9_B_3	EARLY	SPRING	0	0	1	0	ButteSp	0	0	0	0	0	1	0	0	0
BUT22_9_B_4	HETEROZYGOTE	FALL	1	0	0	0		0.221	0.137	0.377	0.047	0.219	0	0	0	0
BUT22_9_B_5	EARLY	SPRING	0	0	1	0	ButteSp	0	0	0	0	0	1	0	0	0
BUT22_9_B_6	EARLY	SPRING	0.88	0	0.12	0	Feather River Spring	0	0.003	0.88	0.001	0.001	0.115	0	0	0
BUT22_9_C_1	EARLY	SPRING	0	0	1	0	ButteSp	0	0	0	0	0	1	0	0	0
BUT22_9_C_11	EARLY	SPRING	0	0	1	0	ButteSp	0	0	0.002	0	0	0.998	0	0	0
BUT22_9_C_2	EARLY	SPRING	0	0	1	0	ButteSp	0	0	0	0	0	1	0	0	0
BUT22_9_C_3	EARLY	SPRING	0	0	1	0	ButteSp	0	0	0	0	0	1	0	0	0
BUT22_9_C_4	EARLY	SPRING	0	0	1	0	ButteSp	0	0	0	0	0	1	0	0	0
BUT22_9_C_5	EARLY	SPRING	0	0	1	0	ButteSp	0	0	0	0	0	1	0	0	0
BUT22_9_C_6	EARLY	SPRING	0	0	1	0	ButteSp	0	0	0	0	0	1	0	0	0
BUT22_9_C_7	EARLY	SPRING	0	0	1	0	ButteSp	0	0	0	0	0	1	0	0	0
BUT22_9_C_8	EARLY	SPRING	0	0	1	0	ButteSp	0	0	0	0	0	1	0	0	0
BUT22_9_C_9	EARLY	SPRING	0	0	1	0	ButteSp	0	0	0	0	0	1	0	0	0
BUT22_9_D_1	EARLY	SPRING	0	0	1	0	ButteSp	0	0	0	0	0	1	0	0	0
BUT22_9_D_2	EARLY	SPRING	0	0	1	0	ButteSp	0	0	0	0	0	1	0	0	0
BUT22_9_D_3	EARLY	SPRING	0	0	1	0	ButteSp	0	0	0	0	0	1	0	0	0
BUTT22_9_C_10	EARLY	SPRING	0	0	1	0	ButteSp	0	0	0	0	0	1	0	0	0
CLR_1_A_1	HETEROZYGOTE	FALL	1	0	0	0		0.005	0.741	0.006	0.248	0	0	0	0	0
CLR_1_A_2		SPRING	0.25	0.02	0.73	0	ButteSp	0.013	0.086	0.011	0.014	0.127	0.731	0	0.019	0
CLR_1_A_3	HETEROZYGOTE	FALL	1	0	0	0		0.1	0.037	0.079	0.783	0.001	0	0	0	0
CLR_2_A_1	LATE	FALL	1	0	0	0		0.352	0.536	0.095	0.012	0.005	0	0	0	0
CLR_2_A_2																
CLR_2_A_3	HETEROZYGOTE	FALL	1	0	0	0		0.001	0.74	0.001	0	0.257	0	0	0	0
CLR_3_A_1																
CLR_3_A_2																
CLR_3_A_3	LATE	FALL	1	0	0	0		0.093	0.52	0.202	0.16	0.026	0	0	0	0
CLR_4_A_1	EARLY	SPRING	0.01	0	0.99	0	ButteSp	0.012	0	0	0	0	0.987	0	0	0
CLR_4_A_2	LATE	FALL	1	0	0	0		0	0.937	0	0	0.062	0	0	0	0
CLR_4_A_3	LATE	FALL	1	0	0	0		0	0.925	0.009	0.002	0.064	0	0	0	0
CLR_4_B_1	EARLY	SPRING	0	0	1	0	ButteSp	0	0	0	0	0	0.984	0.016	0	0
CLR_4_B_2																
CLR_5_A_1	EARLY	SPRING	1	0	0	0	Feather River Spring	0	0.009	0.001	0.977	0.013	0	0	0	0
CLR_5_A_2	LATE	FALL	1	0	0	0		0	0.941	0.006	0.044	0.008	0	0	0	0
CLR_5_A_3	LATE	FALL	1	0	0	0		0.001	0.614	0.001	0.273	0.11	0	0	0	0
CLR_6_A_2	LATE	FALL	1	0	0	0		0.616	0.003	0	0.002	0.38	0	0	0	0
CLR_6_A_3																
CLR_6_B_1		FALL	0.99	0.01	0	0		0.033	0.429	0.034	0.416	0.076	0.003	0	0.01	0
CLR_7_A_1																
CLR_7_A_2	LATE	FALL	1	0	0	0		0.006	0.979	0.013	0.001	0	0	0	0	0
CLR_7_A_3	LATE	FALL	0.89	0.11	0	0		0.318	0.127	0.017	0.07	0.362	0	0	0.106	0
CLR_7_B_1																
CLR_7_B_2	HETEROZYGOTE	FALL	1	0	0	0		0.002	0.829	0.162	0	0.006	0	0	0	0
CLR_7_B_3	LATE	FALL	1	0	0	0		0.234	0.262	0.099	0.051	0.352	0.002	0	0	0
CLR_7_C_1																
CLR_8_A_1	LATE	FALL	1	0	0	0		0	0.025	0.004	0.106	0.864	0	0	0.001	0
CLR_8_A_2	LATE	FALL	1	0	0	0		0.002	0.62	0.001	0.342	0.035	0	0	0	0
CLR_8_A_3	LATE	FALL	1	0	0	0		0.028	0.046	0.003	0.008	0.914	0	0	0.001	0
CLR_8_B_1																
CLR_8_B_2																
CLR_8_B_3		FALL	1	0	0	0		0.02	0.6	0.036	0.061	0.279	0	0	0.005	0
CLR_8_C_1	HETEROZYGOTE	FALL	1	0	0	0		0.005	0.054	0	0.439	0.501	0	0	0	0
CLR_8_C_2		FALL	0.99	0.01	0	0		0.036	0.337	0.152	0.022	0.448	0	0	0.005	0
CLR_8_C_3	EARLY	SPRING	1	0	0	0	Feather River Spring	0.045	0.801	0.003	0.111	0.039	0	0	0	0
CLR22_10_A_1	LATE	FALL	1	0	0	0		0.135	0	0	0.73	0.134	0	0	0	0
CLR22_10_A_2	LATE	FALL	1	0	0	0		0.061	0.2	0.005	0.052	0.681	0	0	0	0
CLR22_10_A_3	LATE	FALL	1	0	0	0		0	0.004	0	0	0.996	0	0	0	0
CLR22_10_B_1																
CLR22_10_B_2	LATE	FALL	1	0	0	0		0	0.988	0.002	0	0.009	0	0	0	0
CLR22_10_B_3	LATE	FALL	1	0	0	0		0.051	0.025	0.001	0.919	0.004	0	0	0	0
CLR22_10_B_4	LATE	FALL	1	0	0	0		0	0.006	0	0.003	0.991	0	0	0	0
CLR22_10_B_5	HETEROZYGOTE	FALL	1	0	0	0		0	0.998	0	0.001	0.002	0	0	0	0
CLR22_10_B_6	LATE	FALL	1	0	0	0		0	0.955	0.012	0.002	0.03	0	0	0.001	0
CLR22_10_B_7	LATE	FALL	1	0	0	0		0.056	0.881	0.016	0.047	0	0	0	0	0
CLR22_10_B_8	LATE	FALL	0.99	0.01	0	0		0.021	0.011	0	0.96	0.001	0	0	0.008	0
CLR22_10_C_1	LATE	FALL	1	0	0	0		0.001	0.925	0.004	0.067	0.004	0	0	0	0
CLR22_10_C_2	LATE	FALL	1	0	0	0		0	0.813	0.011	0.173	0.002	0	0	0	0
CLR22_10_C_3	HETEROZYGOTE	FALL	1	0	0	0		0.058	0.316	0.009	0.601	0.016	0	0	0.001	0
CLR22_9_A_1	LATE	LATEFALL	0.4	0.6	0	0		0.031	0.071	0.03	0.039	0.229	0	0	0.6	0
CLR22_9_A_2	LATE	FALL	1	0	0	0		0.003	0.602	0.004	0.038	0.353	0	0	0	0
CLR22_9_A_3	LATE	FALL	0.99	0.01	0	0		0.014	0	0	0.968	0.008	0	0	0.009	0
CLR22_9_A_4	LATE	LATEFALL	0.45	0.55	0	0		0.001	0.404	0	0.019	0.029	0	0	0.546	0
CLR22_9_A_5	LATE	FALL	1	0	0	0		0.085	0.02	0	0.006	0.889	0	0	0	0
CLR22_9_B_1	LATE	FALL	0.85	0.15	0	0		0.001	0.057	0	0.186	0.608	0	0	0.148	0
CLR22_9_B_2	HETEROZYGOTE	FALL	1	0	0	0		0.008	0.945	0.009	0.006	0.031	0	0	0.001	0
CLR22_9_B_3	LATE	FALL	1	0	0	0		0.016	0.907	0.002	0.02	0.055	0	0	0	0
CLR22_9_B_4	LATE	FALL	1	0	0	0		0.001	0.446	0	0.005	0.548	0	0	0	0
CLR22_9_B_5	LATE	FALL	1	0	0	0		0.008	0.969	0.017	0	0.006	0	0	0	0
CLR22_9_B_6	HETEROZYGOTE	FALL	1	0	0	0		0.097	0.878	0.005	0.019	0	0	0	0	0
CLR22_9_C_1	EARLY	SPRING	1	0	0	0	Feather River Spring	0.045	0.207	0	0.039	0.709	0	0	0	0
CLR22_9_C_2	HETEROZYGOTE	FALL	1	0	0	0		0.017	0.948	0.022	0.01	0.003	0	0	0	0
CLR22_9_C_3	LATE	FALL	1	0	0	0		0	0.089	0	0.718	0.192	0	0	0	0
DEL22_10_C_1	LATE	LATEFALL	0.43	0.57	0	0		0.006	0.128	0	0.039	0.252	0	0	0.574	0
DEL22_4_A_1	EARLY	SPRING	1	0	0	0	Feather River Spring	0.874	0.073	0.029	0.015	0.005	0	0	0.004	0
DEL22_4_A_2	LATE	FALL	1	0	0	0		0.544	0.188	0.166	0.077	0.025	0	0	0	0
DEL22_4_B_1																
DEL22_5_A_1	LATE	FALL	1	0	0	0		0.018	0.806	0	0	0.175	0	0	0	0
DEL22_5_A_2	LATE	FALL	1	0	0	0		0.395	0.592	0	0.003	0.011	0	0	0	0
DEL22_5_A_3	LATE	FALL	1	0	0	0		0	0.436	0	0.002	0.561	0	0	0	0
DEL22_5_B_1	LATE	FALL	1	0	0	0		0.023	0.903	0.009	0.064	0	0	0	0	0
DEL22_5_B_2	EARLY	SPRING	1	0	0	0	Feather River Spring	0.179	0.614	0.144	0.002	0.061	0	0	0	0
DEL22_5_B_3	EARLY	SPRING	1	0	0	0	Feather River Spring	0	0.059	0.93	0.001	0.01	0	0	0	0
DEL22_5_B_4	HETEROZYGOTE	FALL	0.89	0	0.11	0		0.002	0.811	0.08	0	0	0.106	0	0	0
DEL22_6_A_1	LATE	FALL	1	0	0	0		0.001	0.04	0	0.438	0.521	0	0	0	0
DEL22_6_A_2	LATE	FALL	1	0	0	0		0.052	0.056	0	0.011	0.88	0	0	0	0
DEL22_6_A_3	EARLY	SPRING	0.89	0.11	0	0	Feather River Spring	0.001	0.719	0.036	0.132	0.003	0	0	0.108	0
DEL22_6_B_1	LATE	FALL	1	0	0	0		0	0.977	0.006	0.005	0.011	0	0	0	0
DEL22_6_B_2	LATE	FALL	1	0	0	0		0	0.736	0.051	0.209	0.004	0	0	0	0
DEL22_6_B_3	HETEROZYGOTE	FALL	1	0	0	0		0	0.46	0.513	0.003	0.024	0	0	0	0
DEL22_6_B_5	HETEROZYGOTE	FALL	1	0	0	0		0	0.959	0.038	0.001	0.003	0	0	0	0
DEL22_6_B_6	HETEROZYGOTE	FALL	1	0	0	0		0.404	0.248	0.013	0.302	0.031	0	0	0.002	0
DEL22_6_B_7	HETEROZYGOTE	FALL	1	0	0	0		0.004	0.83	0.092	0.068	0.006	0	0	0	0
DEL22_6_C_1	EARLY	SPRING	0.99	0.01	0	0	Feather River Spring	0.002	0.859	0.035	0.011	0.081	0	0	0.013	0
DEL22_6_C_2	HETEROZYGOTE	FALL	1	0	0	0		0	0.891	0	0.103	0.006	0	0	0	0
DEL22_6_C_3	LATE	FALL	1	0	0	0		0	0.04	0.001	0.958	0	0	0	0	0
DEL22_6_C_4	HETEROZYGOTE	FALL	1	0	0	0		0	0.968	0.022	0.001	0.009	0	0	0	0
DEL22_6_D_1	HETEROZYGOTE	FALL	1	0	0	0		0	0.601	0.37	0.029	0	0	0	0	0
DEL22_7_B_1	LATE	FALL	0.99	0.01	0	0		0.002	0.242	0.099	0.446	0.201	0	0	0.01	0
DEL22_7_B_2	EARLY	SPRING	1	0	0	0	Feather River Spring	0	0.896	0.104	0	0	0	0	0	0
DEL22_7_C_1	EARLY	SPRING	1	0	0	0	Feather River Spring	0	0.078	0.002	0.016	0.903	0	0	0	0
DEL22_7_C_2	LATE	FALL	1	0	0	0		0.039	0.059	0.007	0.069	0.826	0	0	0	0
DEL22_7_C_3	EARLY	SPRING	1	0	0	0	Feather River Spring	0.001	0.96	0	0.004	0.035	0	0	0	0
DEL22_7_C_4	HETEROZYGOTE	FALL	0.99	0.01	0	0		0.013	0.128	0.58	0.267	0.003	0	0	0.009	0
DEL22_7_C_5	LATE	FALL	1	0	0	0		0	0.844	0.049	0.003	0.104	0	0	0	0
DEL22_8_C_1	HETEROZYGOTE	FALL	1	0	0	0		0.035	0.928	0.002	0.007	0.028	0	0	0	0
DEL22_8_C_2	LATE	FALL	1	0	0	0		0.65	0.272	0	0.001	0.077	0	0	0	0
DEL22_8_C_3	HETEROZYGOTE	FALL	0.99	0.01	0	0		0.012	0.949	0.005	0.005	0.022	0	0	0.006	0
DEL22_9_C_1	LATE	FALL	1	0	0	0		0	0.736	0.133	0.125	0.006	0	0	0	0
DEL22_9_C_2	LATE	FALL	1	0	0	0		0.016	0.871	0.001	0.097	0.015	0	0	0	0
DEL22_9_C_3	HETEROZYGOTE	FALL	1	0	0	0		0.017	0.742	0.001	0.237	0.003	0	0	0	0
DEL22_9_C_4	LATE	FALL	1	0	0	0		0.379	0.489	0.04	0.067	0.025	0	0	0	0
DEL22_9_C_5	LATE	FALL	1	0	0	0		0.002	0.135	0.028	0.055	0.779	0	0	0	0
DEL22_9_C_6	HETEROZYGOTE	FALL	0.96	0.04	0	0		0.901	0.016	0	0.014	0.032	0	0	0.036	0
DEL22_9_D_1	EARLY	SPRING	1	0	0	0	Feather River Spring	0	0.197	0.794	0	0.008	0	0	0	0
DEL22_9_D_2	LATE	FALL	1	0	0	0		0.001	0.887	0.101	0	0.011	0	0	0	0
DEL22_9_D_3	EARLY															
F1722_10_A_1	LATE	FALL	1	0	0	0		0.027	0.515	0.062	0.003	0.392	0	0	0.001	0
F1722_10_A_10	LATE	FALL	1	0	0	0		0	0.15	0	0.001	0.849	0	0	0	0
F1722_10_A_11	LATE	FALL	1	0	0	0		0.014	0.831	0.002	0.093	0.06	0	0	0	0
F1722_10_A_12	LATE	FALL	1	0	0	0		0.009	0.07	0.001	0.239	0.681	0	0	0	0
F1722_10_A_13	LATE	FALL	0.98	0.02	0	0		0.069	0.174	0.002	0.302	0.437	0	0	0.016	0
F1722_10_A_14	LATE	FALL	1	0	0	0		0.174	0.609	0.002	0.009	0.206	0	0	0.001	0
F1722_10_A_15	LATE	FALL	0.77	0.23	0	0		0.011	0.747	0.002	0	0.009	0	0	0.231	0
F1722_10_A_16	LATE	FALL	0.99	0.01	0	0		0.002	0.001	0	0.987	0.005	0	0	0.005	0
F1722_10_A_17																
F1722_10_A_18	LATE	FALL	1	0	0	0		0.02	0.24	0.002	0.138	0.6	0	0	0	0
F1722_10_A_19	LATE	FALL	1	0	0	0		0.003	0.901	0	0.001	0.094	0	0	0	0
F1722_10_A_2	LATE	FALL	1	0	0	0		0.009	0.956	0.005	0.021	0.008	0	0	0	0
F1722_10_A_20	LATE	FALL	1	0	0	0		0.721	0.275	0	0.004	0.001	0	0	0	0
F1722_10_A_21																
F1722_10_A_22	LATE	FALL	1	0	0	0		0	0.701	0	0.003	0.296	0	0	0	0
F1722_10_A_23																
F1722_10_A_24	LATE	FALL	1	0	0	0		0	0.003	0	0	0.997	0	0	0	0
F1722_10_A_25																
F1722_10_A_26	LATE	FALL	1	0	0	0		0.038	0.001	0	0.602	0.359	0	0	0	0
F1722_10_A_27	LATE	FALL	1	0	0	0		0	0.47	0.032	0.041	0.456	0	0	0.001	0
F1722_10_A_28	LATE	FALL	1	0	0	0		0	0.014	0	0.21	0.776	0	0	0	0
F1722_10_A_29	HETEROZYGOTE	FALL	1	0	0	0		0.964	0.006	0	0.004	0.026	0	0	0	0
F1722_10_A_3	LATE	FALL	0.83	0.17	0	0		0.002	0.686	0.001	0.006	0.135	0	0	0.169	0
F1722_10_A_30	LATE	LATEFALL	0.08	0.92	0	0		0	0.042	0	0.033	0.004	0	0	0.921	0
F1722_10_A_4	LATE	FALL	1	0	0	0		0.719	0.004	0	0.005	0.273	0	0	0	0
F1722_10_A_5																
F1722_10_A_6	LATE	FALL	1	0	0	0		0.001	0.249	0	0.152	0.599	0	0	0	0
F1722_10_A_7	LATE	FALL	1	0	0	0		0.015	0.972	0.012	0	0	0	0	0	0
F1722_10_A_8	LATE	FALL	1	0	0	0		0.001	0	0	0.023	0.976	0	0	0	0
F1722_10_A_9	LATE	FALL	1	0	0	0		0	0.028	0	0.206	0.765	0	0	0	0
F1722_10_B_1	LATE	FALL	1	0	0	0		0	0.989	0	0.003	0.008	0	0	0	0
F1722_10_B_10	LATE	FALL	1	0	0	0		0	0.428	0	0.567	0.005	0	0	0	0
F1722_10_B_11	LATE	FALL	1	0	0	0		0.833	0.101	0	0.001	0.065	0	0	0	0
F1722_10_B_12	LATE	FALL	0.99	0.01	0	0		0.011	0.105	0	0.681	0.194	0	0	0.011	0
F1722_10_B_13	LATE	FALL	1	0	0	0		0	0.256	0.082	0	0.661	0	0	0	0
F1722_10_B_14	LATE	FALL	0.95	0.05	0	0		0.149	0.116	0.001	0.006	0.676	0	0	0.052	0
F1722_10_B_15	LATE	FALL	1	0	0	0		0.05	0.011	0.01	0.013	0.915	0	0	0	0
F1722_10_B_16	LATE	FALL	1	0	0	0		0	0.099	0.025	0.103	0.773	0	0	0	0
F1722_10_B_17	LATE	FALL	1	0	0	0		0.039	0.367	0	0.004	0.59	0	0	0	0
F1722_10_B_18	LATE	FALL	1	0	0	0		0.363	0.049	0	0.001	0.588	0	0	0	0
F1722_10_B_19	LATE	FALL	0.78	0.22	0	0		0.001	0.174	0.002	0.011	0.59	0	0	0.223	0
F1722_10_B_2	LATE	FALL	0.94	0.06	0	0		0.001	0.745	0.003	0.042	0.153	0	0	0.056	0
F1722_10_B_20	LATE	FALL	1	0	0	0		0.035	0.157	0.001	0.055	0.751	0	0	0	0
F1722_10_B_21	LATE	FALL	1	0	0	0		0.025	0.267	0.001	0.43	0.276	0	0	0	0
F1722_10_B_3																
F1722_10_B_4	LATE	FALL	1	0	0	0		0.013	0.942	0.001	0.007	0.033	0	0	0.004	0
F1722_10_B_5																
F1722_10_B_6	LATE	FALL	1	0	0	0		0.219	0.501	0	0.001	0.278	0	0	0	0
F1722_10_B_7																
F1722_10_B_8	LATE	FALL	1	0	0	0		0.001	0.003	0	0.797	0.198	0	0	0	0
F1722_10_B_9	LATE	FALL	1	0	0	0		0.027	0.704	0	0.027	0.241	0	0	0	0
F1722_3_A_1	HETEROZYGOTE	FALL	1	0	0	0		0.002	0.988	0.004	0.001	0.006	0	0	0	0
F1722_3_A_11																
F1722_3_A_12	HETEROZYGOTE	FALL	1	0	0	0		0.053	0.783	0.003	0.003	0.155	0.002	0	0.001	0
F1722_3_A_13		FALL	0.6	0.01	0.38	0		0.038	0.387	0.078	0.029	0.07	0.384	0	0.014	0
F1722_3_A_2	LATE	FALL	1	0	0	0		0	0.476	0.159	0.059	0.303	0	0	0.003	0
F1722_3_A_3																
F1722_3_A_5																
F1722_3_A_7																
F1722_3_A_9																
F1722_4_A_1	LATE	FALL	1	0	0	0		0.004	0.604	0.042	0.004	0.346	0	0	0	0
F1722_4_A_10	EARLY	SPRING	0.91	0.09	0	0	Feather River Spring	0.341	0.025	0.001	0.001	0.547	0	0	0.085	0
F1722_4_A_11																
F1722_4_A_12																
F1722_4_A_13	LATE	FALL	1	0	0	0		0.01	0.719	0.003	0.088	0.18	0	0	0	0
F1722_4_A_14	HETEROZYGOTE	FALL	1	0	0	0		0.123	0.62	0.034	0.139	0.085	0	0	0	0
F1722_4_A_15																
F1722_4_A_16	LATE	FALL	1	0	0	0		0.002	0.471	0.035	0.009	0.483	0	0	0	0
F1722_4_A_20	HETEROZYGOTE	FALL	0.99	0.01	0	0		0.026	0.709	0.059	0.08	0.117	0	0	0.008	0
F1722_4_A_21	LATE	FALL	1	0	0	0		0.002	0.086	0.006	0.291	0.616	0	0	0	0
F1722_4_A_22	LATE	FALL	1	0	0	0		0.001	0.903	0.001	0	0.096	0	0	0	0
F1722_4_A_23																
F1722_4_A_24	EARLY	SPRING	1	0	0	0	Feather River Spring	0	0.854	0.141	0.004	0	0	0	0	0
F1722_4_A_27	HETEROZYGOTE	FALL	1	0	0	0		0	0.993	0.007	0	0	0	0	0	0
F1722_4_A_28	LATE	FALL	1	0	0	0		0.025	0.053	0	0	0.922	0	0	0	0
F1722_4_A_29	LATE	FALL	1	0	0	0		0	0.299	0	0.024	0.676	0	0	0	0
F1722_4_A_30	LATE	FALL	1	0	0	0		0.801	0.118	0	0.006	0.075	0	0	0	0
F1722_4_A_4	LATE	FALL	1	0	0	0		0	0.044	0	0.014	0.938	0	0	0.002	0
F1722_4_A_5	HETEROZYGOTE	FALL	1	0	0	0		0.037	0.96	0.002	0	0	0	0	0	0
F1722_4_A_6	HETEROZYGOTE	FALL	1	0	0	0		0.38	0.62	0	0	0	0	0	0	0
F1722_4_A_7	LATE	FALL	1	0	0	0		0.014	0.867	0	0.025	0.093	0	0	0	0
F1722_4_A_8	HETEROZYGOTE	FALL	1	0	0	0		0	0.955	0.004	0.002	0.039	0	0	0	0
F1722_4_A_9	LATE	FALL	1	0	0	0		0.002	0.749	0	0.001	0.248	0	0	0	0
F1722_4_B_1	EARLY	SPRING	1	0	0	0	Feather River Spring	0	0.676	0.291	0.002	0.031	0	0	0	0
F1722_4_B_2																
F1722_4_B_3	EARLY	SPRING	1	0	0	0	Feather River Spring	0	0.565	0.435	0	0	0	0	0	0
F1722_4_B_4	EARLY	SPRING	1	0	0	0	Feather River Spring	0	0.944	0.055	0	0.001	0	0	0	0
F1722_5_A_1	EARLY	SPRING	1	0	0	0	Feather River Spring	0	0.059	0.941	0	0	0	0	0	0
F1722_5_A_10	EARLY	SPRING	1	0	0	0	Feather River Spring	0	0.072	0.927	0	0	0	0	0	0
F1722_5_A_11	HETEROZYGOTE	FALL	1	0	0	0		0.056	0.022	0.005	0.865	0.052	0	0	0	0
F1722_5_A_12	HETEROZYGOTE	FALL	1	0	0	0		0.006	0.727	0.228	0.009	0.03	0	0	0	0
F1722_5_A_13																
F1722_5_A_14	LATE	FALL	0.98	0.02	0	0		0.051	0.463	0.021	0.438	0.012	0	0	0.015	0
F1722_5_A_15																
F1722_5_A_16	HETEROZYGOTE	FALL	1	0	0	0		0.002	0.88	0.006	0.026	0.085	0	0.001	0.001	0
F1722_5_A_17	LATE	FALL	1	0	0	0		0.921	0.033	0	0.046	0	0	0	0	0
F1722_5_A_18	HETEROZYGOTE	FALL	1	0	0	0		0	0.961	0.039	0	0	0	0	0	0
F1722_5_A_19	HETEROZYGOTE	FALL	0.99	0.01	0	0		0	0.971	0.005	0.007	0.012	0	0	0.005	0
F1722_5_A_2	LATE	FALL	1	0	0	0		0.029	0.732	0.076	0.161	0.002	0	0	0.001	0
F1722_5_A_3	EARLY	SPRING	1	0	0	0	Feather River Spring	0	0.903	0.097	0	0	0	0	0	0
F1722_5_A_4	LATE	FALL	1	0	0	0		0.146	0.079	0.257	0.002	0.516	0	0	0	0
F1722_5_A_5	HETEROZYGOTE	FALL	1	0	0	0		0.003	0.988	0.002	0	0.007	0	0	0	0
F1722_5_A_6	LATE	LATEFALL	0.45	0.55	0	0		0.005	0.428	0	0.003	0.015	0	0	0.549	0
F1722_5_A_7	HETEROZYGOTE	FALL	1	0	0	0		0.004	0.086	0.095	0.711	0.104	0	0	0	0
F1722_5_A_8	HETEROZYGOTE	FALL	0.61	0	0.39	0		0.051	0.248	0.004	0.233	0.073	0.389	0	0.001	0
F1722_5_A_9	HETEROZYGOTE	FALL	1	0	0	0		0	0.999	0	0	0	0	0	0	0
F1722_6_A_1	HETEROZYGOTE	FALL	1	0	0	0		0.001	0.089	0	0.895	0.016	0	0	0	0
F1722_6_A_10	LATE	FALL	1	0	0	0		0.021	0.044	0	0.001	0.934	0	0	0	0
F1722_6_A_11	LATE	FALL	1	0	0	0		0	0.977	0	0.023	0	0	0	0	0
F1722_6_A_12	HETEROZYGOTE	FALL	1	0	0	0		0	0.972	0.003	0.025	0	0	0	0	0
F1722_6_A_13	HETEROZYGOTE	FALL	1	0	0	0		0.547	0.415	0.002	0.007	0.029	0	0	0	0
F1722_6_A_14	LATE	FALL	1	0	0	0		0	0.206	0.022	0.752	0.02	0	0	0	0
F1722_6_A_15	HETEROZYGOTE	FALL	1	0	0	0		0.002	0.994	0.002	0.001	0	0	0	0	0
F1722_6_A_16	HETEROZYGOTE	FALL	0.99	0.01	0	0		0.003	0.792	0.035	0.006	0.157	0	0	0.007	0
F1722_6_A_17	LATE	FALL	1	0	0	0		0	0.008	0	0	0.992	0	0	0	0
F1722_6_A_18	LATE	FALL	1	0	0	0		0.029	0.298	0	0.133	0.537	0	0	0.003	0
F1722_6_A_19	EARLY	SPRING	1	0	0	0	Feather River Spring	0	0.516	0.483	0	0	0	0	0	0
F1722_6_A_2	LATE	FALL	1	0	0	0		0.003	0.926	0.023	0.014	0.034	0	0	0	0
F1722_6_A_20	LATE	FALL	1	0	0	0		0.191	0.799	0.001	0	0.008	0	0	0	0
F1722_6_A_21	LATE	FALL	1	0	0	0		0	0.02	0.98	0	0	0	0	0	0
F1722_6_A_22	HETEROZYGOTE	FALL	1	0	0	0		0.358	0.512	0.013	0.114	0.003	0	0	0	0
F1722_6_A_23	LATE	FALL	1	0	0	0		0.002	0.602	0.067	0.102	0.226	0	0	0	0
F1722_6_A_24	HETEROZYGOTE	FALL	1	0	0	0		0.001	0.751	0.005	0.053	0.19	0	0	0	0
F1722_6_A_25	LATE	FALL	1	0	0	0		0.357	0.35	0.001	0.2	0.093	0	0	0	0
F1722_6_A_26	LATE	FALL	1	0	0	0		0.188	0.392	0.255	0.037	0.123	0	0	0.005	0
F1722_6_A_27	LATE	FALL	1	0	0	0		0	0.746	0.004	0.01	0.24	0	0	0	0
F1722_6_A_28	LATE	FALL	1	0	0	0		0	0.145	0.837	0.001	0.017	0	0	0	0
F1722_6_A_29	HETEROZYGOTE	FALL	1	0	0	0		0	0.999	0.001	0	0	0	0	0	0
F1722_6_A_3	LATE	FALL	1	0	0	0		0	0.676	0.001	0	0.322	0	0	0	0
F1722_6_A_30	LATE	FALL	1	0	0	0		0	0.399	0	0.004	0.597	0	0	0	0
F1722_6_A_4	EARLY	SPRING	1	0	0	0	Feather River Spring	0	0.998	0.001	0	0.001	0	0	0	0
F1722_6_A_5	EARLY	SPRING	1	0	0	0	Feather River Spring	0.089	0.665	0	0.184	0.062	0	0	0	0
F1722_6_A_6	HETEROZYGOTE	FALL	0.99	0.01	0	0		0.001	0.224	0.348	0	0.417	0	0	0.009	0
F1722_6_A_7	HETEROZYGOTE	FALL	1	0	0	0		0.512	0.45	0.004	0.003	0.03	0	0	0	0
F1722_6_A_8	LATE	FALL	1	0	0	0		0.001	0.099	0	0.839	0.06	0	0	0	0
F1722_6_A_9	LATE	FALL	1	0	0	0		0.803	0.126	0.001	0	0.07	0	0	0	0
F1722_7_A_1	EARLY	SPRING	1	0	0	0	Feather River Spring	0	0.892	0.048	0.059	0.001	0	0	0	0
F1722_7_A_10	LATE	FALL	0.9	0.1	0	0		0.03	0.471	0	0.291	0.109	0	0	0.097	0
F1722_7_A_11	EARLY	SPRING	1	0	0	0	Feather River Spring	0	0.014	0.985	0	0.001	0	0	0	0
F1722_7_A_12	LATE	FALL	1	0	0	0		0.091	0.699	0.041	0.053	0.115	0	0	0	0
F1722_7_A_13	LATE	FALL	1	0	0	0		0	0	0	0.982	0.018	0	0	0	0
F1722_7_A_14	LATE	FALL	1	0	0	0		0.091	0.084	0.066	0.009	0.749	0	0	0	0
F1722_7_A_15	LATE	FALL	1	0	0	0		0.023	0.954	0	0.001	0.021	0	0	0	0
F1722_7_A_16	HETEROZYGOTE	FALL	1	0	0	0		0	0.006	0	0.972	0.022	0	0	0	0
F1722_7_A_17	LATE	FALL	1	0	0	0		0	0.87	0	0.125	0.004	0	0	0	0
F1722_7_A_18	EARLY	SPRING	1	0	0	0	Feather River Spring	0	0.98	0.018	0	0.002	0	0	0	0
F1722_7_A_2	LATE	FALL	1	0	0	0		0.018	0.492	0.041	0.24	0.209	0	0	0.001	0
F1722_7_A_3	LATE	FALL	1	0	0	0		0	0.586	0	0.017	0.396	0	0	0.001	0
F1722_7_A_4	HETEROZYGOTE	FALL	1	0	0	0		0.001	0.35	0.07	0.568	0.01	0	0	0	0
F1722_7_A_5	LATE	FALL	1	0	0	0		0.509	0.45	0	0.035	0.004	0	0	0	0
F1722_7_A_6	LATE	FALL	1	0	0	0		0	0.978	0.012	0	0.01	0	0	0	0
F1722_7_A_7	LATE	FALL	0.99	0.01	0	0		0.002	0.596	0	0.347	0.046	0	0	0.009	0
F1722_7_A_8	LATE	FALL	1	0	0	0		0.009	0.911	0.062	0.011	0.007	0	0	0	0
F1722_7_A_9	LATE	FALL	1	0	0	0		0	0.014	0	0	0.983	0	0	0.003	0
F1722_7_B_2	HETEROZYGOTE	FALL	1	0	0	0		0.01	0.702	0.286	0	0.001	0	0	0	0
F1722_8_A_1	HETEROZYGOTE	FALL	1	0	0	0		0.049	0.918	0.006	0.022	0.003	0	0	0.002	0
F1722_8_A_2	LATE	FALL	1	0	0	0		0	0	0	0	1	0	0	0	0
F1722_8_A_3	LATE	FALL	1	0	0	0		0	0	0	0.052	0.946	0	0	0.002	0
F1722_8_A_4	LATE	FALL	1	0	0	0		0	0.001	0	0.97	0.028	0	0	0	0
F1722_8_A_5	LATE	FALL	0.98	0.02	0	0		0.024	0.018	0	0.018	0.917	0	0	0.022	0
F1722_8_A_6	LATE	FALL	1	0	0	0		0	0.281	0	0.071	0.647	0	0	0	0
F1722_8_A_7	LATE	FALL	0.99	0.01	0	0		0.002	0.025	0	0.104	0.86	0	0	0.008	0
F1722_8_B_1	EARLY	SPRING	1	0	0	0	Feather River Spring	0.003	0.305	0.679	0.005	0.009	0	0	0	0
F1722_8_B_2	EARLY	SPRING	1	0	0	0	Feather River Spring	0.001	0.514	0.275	0.19	0.02	0	0	0	0
F1722_8_B_3	EARLY	SPRING	1	0	0	0	Feather River Spring	0	0.005	0.906	0.064	0.025	0	0	0	0
F1722_8_B_4	HETEROZYGOTE	FALL	1	0	0	0		0.698	0.18	0.115	0	0.008	0	0	0	0
F1722_8_B_5	EARLY	SPRING	1	0	0	0	Feather River Spring	0.002	0.087	0.91	0	0	0	0	0	0
F1722_9_A_1	LATE	FALL	1	0	0	0		0	0.996	0.004	0	0	0	0	0	0
F1722_9_A_10	LATE	FALL	1	0	0	0		0.018	0.804	0.001	0.001	0.176	0	0	0	0
F1722_9_A_11	LATE	FALL	1	0	0	0		0.009	0.18	0	0.152	0.66	0	0	0	0
F1722_9_A_12	LATE	FALL	0.86	0.14	0	0		0.023	0.018	0	0.809	0.013	0	0	0.136	0
F1722_9_A_13	LATE	FALL	1	0	0	0		0.001	0.726	0.002	0.014	0.256	0	0	0.001	0
F1722_9_A_18	LATE	FALL	1	0	0	0		0.002	0.436	0	0.561	0	0	0	0	0
F1722_9_A_19	LATE	FALL	1	0	0	0		0	0.003	0	0.471	0.526	0	0	0	0
F1722_9_A_2	LATE	FALL	1	0	0	0		0.809	0.136	0.002	0.04	0.012	0	0	0	0
F1722_9_A_20	LATE	FALL	1	0	0	0		0.973	0.012	0	0.005	0.011	0	0	0	0
F1722_9_A_21	HETEROZYGOTE	FALL	1	0	0	0		0.001	0.037	0	0.297	0.665	0	0	0	0
F1722_9_A_22	LATE	FALL	1	0	0	0		0.216	0.003	0	0.054	0.728	0	0	0	0
F1722_9_A_23	LATE	FALL	1	0	0	0		0.446	0.375	0.133	0.002	0.042	0	0	0.002	0
F1722_9_A_24	LATE	FALL	1	0	0	0		0	0.453	0.002	0.004	0.54	0	0	0	0
F1722_9_A_3	LATE	FALL	1	0	0	0		0.016	0.024	0.001	0	0.957	0	0	0.003	0
F1722_9_A_4	LATE	FALL	1	0	0	0		0	0.051	0	0.561	0.388	0	0	0	0
F1722_9_A_5	LATE	FALL	1	0	0	0		0.063	0.661	0	0.098	0.178	0	0	0	0
F1722_9_A_6	LATE	FALL	1	0	0	0		0.017	0.534	0.05	0.236	0.164	0	0	0	0
F1722_9_A_7	LATE	FALL	0.97	0.03	0	0		0.001	0.193	0.022	0.186	0.568	0	0	0.029	0
F1722_9_A_8	LATE	FALL	1	0	0	0		0.148	0.015	0	0.166	0.669	0	0	0.002	0
F1722_9_A_9	LATE	FALL	1	0	0	0		0	0.001	0	0.002	0.996	0	0	0	0
F1722_9_B_1	LATE	FALL	1	0	0	0		0.041	0.755	0.034	0.166	0.003	0	0	0	0
F1722_9_B_10	HETEROZYGOTE	FALL	1	0	0	0		0.036	0.053	0	0.416	0.494	0	0	0.001	0
F1722_9_B_11	LATE	FALL	1	0	0	0		0.001	0.83	0.004	0.001	0.164	0	0	0	0
F1722_9_B_12	LATE	FALL	1	0	0	0		0.005	0.87	0.119	0	0.006	0	0	0	0
F1722_9_B_13	LATE	FALL	0.99	0.01	0	0		0.001	0.64	0.002	0.005	0.339	0	0	0.014	0
F1722_9_B_14	EARLY	SPRING	1	0	0	0	Feather River Spring	0.111	0.885	0.002	0.001	0.001	0	0	0.001	0
F1722_9_B_2	EARLY	SPRING	1	0	0	0	Feather River Spring	0	0.475	0.525	0	0	0	0	0	0
F1722_9_B_21	HETEROZYGOTE	FALL	1	0	0	0		0	0.667	0.249	0.015	0.068	0	0	0	0
F1722_9_B_22	LATE	FALL	1	0	0	0		0	0.997	0.001	0	0.001	0	0	0	0
F1722_9_B_23	EARLY	SPRING	1	0	0	0	Feather River Spring	0.003	0.705	0.05	0.064	0.177	0	0	0	0
F1722_9_B_24	LATE	FALL	1	0	0	0		0.011	0.983	0	0.001	0.004	0	0	0.001	0
F1722_9_B_25	LATE	FALL	1	0	0	0		0.315	0.025	0.011	0.063	0.584	0	0	0.002	0
F1722_9_B_26	LATE	FALL	0.97	0.03	0	0		0.001	0.614	0.003	0.002	0.349	0	0	0.032	0
F1722_9_B_27	LATE	FALL	1	0	0	0		0.001	0.971	0.001	0.023	0.004	0	0	0	0
F1722_9_B_28	LATE	FALL	1	0	0	0		0.215	0.078	0	0.005	0.702	0	0	0	0
F1722_9_B_29	LATE	FALL	0.87	0.13	0	0		0.002	0.012	0	0.132	0.727	0	0	0.126	0
F1722_9_B_3	LATE	FALL	1	0	0	0		0.026	0.289	0	0.389	0.297	0	0	0	0
F1722_9_B_30	LATE	FALL	1	0	0	0		0.001	0	0	0.004	0.995	0	0	0	0
F1722_9_B_4	HETEROZYGOTE	FALL	1	0	0	0		0.162	0.815	0.001	0.022	0	0	0	0	0
F1722_9_B_5	LATE	FALL	0.92	0.08	0	0		0.003	0.608	0.002	0.002	0.303	0	0	0.082	0
F1722_9_B_6	LATE	FALL	1	0	0	0		0	0.018	0.001	0.002	0.979	0	0	0	0
F1722_9_B_9	LATE	FALL	1	0	0	0		0.024	0.092	0.001	0.855	0.027	0	0	0	0
F6122_10_B_1	LATE	FALL	0.98	0.02	0	0		0.021	0.39	0.021	0.006	0.538	0	0	0.024	0
F6122_10_C_1	HETEROZYGOTE	FALL	1	0	0	0		0	0.349	0	0.561	0.09	0	0	0	0
F6122_10_C_10	LATE	FALL	1	0	0	0		0.022	0.119	0	0.318	0.541	0	0	0	0
F6122_10_C_11	LATE	FALL	1	0	0	0		0.196	0.063	0	0.001	0.738	0	0	0.002	0
F6122_10_C_12	LATE	FALL	1	0	0	0		0.002	0.191	0	0.003	0.804	0	0	0	0
F6122_10_C_13	LATE	FALL	1	0	0	0		0	0.03	0	0.001	0.969	0	0	0	0
F6122_10_C_14	LATE	FALL	1	0	0	0		0.003	0.037	0	0.377	0.583	0	0	0	0
F6122_10_C_15	LATE	FALL	1	0	0	0		0	0.015	0	0.817	0.168	0	0	0	0
F6122_10_C_16	LATE	FALL	1	0	0	0		0.001	0.087	0.002	0	0.91	0	0	0	0
F6122_10_C_17	LATE	FALL	1	0	0	0		0.011	0.652	0.016	0.056	0.265	0	0	0	0
F6122_10_C_18	LATE	FALL	1	0	0	0		0.019	0.011	0	0.004	0.966	0	0	0	0
F6122_10_C_19	LATE	FALL	1	0	0	0		0.049	0.927	0	0.015	0.008	0	0	0	0
F6122_10_C_2	LATE	FALL	1	0	0	0		0.001	0.201	0.041	0.044	0.713	0	0	0	0
F6122_10_C_20	LATE	FALL	1	0	0	0		0.001	0.967	0.008	0.012	0.012	0	0	0	0
F6122_10_C_21	LATE	FALL	1	0	0	0		0.003	0.057	0.026	0.109	0.805	0	0	0	0
F6122_10_C_22	HETEROZYGOTE	FALL	1	0	0	0		0.007	0.989	0.001	0.001	0.003	0	0	0	0
F6122_10_C_23	LATE	FALL	1	0	0	0		0	0.913	0	0.005	0.082	0	0	0	0
F6122_10_C_24	LATE	FALL	1	0	0	0		0.012	0.075	0.003	0.006	0.904	0	0	0	0
F6122_10_C_25	LATE	FALL	1	0	0	0		0.126	0.002	0	0.096	0.776	0	0	0	0
F6122_10_C_26	LATE	FALL	1	0	0	0		0	0.198	0	0.497	0.305	0	0	0	0
F6122_10_C_27	LATE	FALL	1	0	0	0		0.007	0.075	0	0.913	0.005	0	0	0	0
F6122_10_C_28	LATE	FALL	1	0	0	0		0.001	0.007	0	0.415	0.578	0	0	0	0
F6122_10_C_29	LATE	FALL	1	0	0	0		0	0.15	0	0.546	0.304	0	0	0	0
F6122_10_C_3	LATE	FALL	0.76	0.24	0	0		0.18	0.08	0	0.372	0.124	0	0	0.243	0
F6122_10_C_30	LATE	FALL	1	0	0	0		0	0.001	0	0.005	0.989	0	0	0.005	0
F6122_10_C_31	LATE	FALL	1	0	0	0		0	0.189	0.051	0	0.76	0	0	0	0
F6122_10_C_32	LATE	FALL	1	0	0	0		0.013	0.639	0.12	0.037	0.191	0	0	0	0
F6122_10_C_33	LATE	FALL	1	0	0	0		0.055	0.92	0.003	0.02	0.002	0	0	0	0
F6122_10_C_34	LATE	LATEFALL	0.49	0.51	0	0		0.001	0.015	0	0.29	0.184	0	0	0.509	0
F6122_10_C_35	LATE	FALL	0.99	0.01	0	0		0.181	0.724	0.003	0.004	0.079	0	0	0.01	0
F6122_10_C_36	HETEROZYGOTE	FALL	1	0	0	0		0	0.995	0.005	0	0	0	0	0	0
F6122_10_C_37	LATE	FALL	0.92	0.08	0	0		0.41	0.358	0.001	0.031	0.118	0	0	0.082	0
F6122_10_C_38	LATE	FALL	1	0	0	0		0.025	0.001	0	0.006	0.967	0	0	0	0
F6122_10_C_39	LATE	FALL	1	0	0	0		0	0.279	0.01	0.177	0.534	0	0	0	0
F6122_10_C_4	LATE	FALL	1	0	0	0		0.003	0.054	0.003	0.097	0.843	0	0	0	0
F6122_10_C_40	LATE	FALL	1	0	0	0		0.002	0.018	0	0.436	0.543	0	0	0	0
F6122_10_C_41	HETEROZYGOTE	FALL	1	0	0	0		0.001	0.571	0.001	0.001	0.426	0	0	0.001	0
F6122_10_C_42	LATE	FALL	1	0	0	0		0.002	0.063	0	0.052	0.882	0	0	0	0
F6122_10_C_43	LATE	FALL	1	0	0	0		0	0.054	0	0.914	0.032	0	0	0	0
F6122_10_C_44	LATE	FALL	1	0	0	0		0.039	0.476	0.318	0.046	0.121	0	0	0	0
F6122_10_C_45	LATE	FALL	1	0	0	0		0.029	0.935	0.025	0.007	0.004	0	0	0	0
F6122_10_C_46	LATE	FALL	1	0	0	0		0	0.98	0.001	0.002	0.017	0	0	0	0
F6122_10_C_47	LATE	FALL	1	0	0	0		0.007	0.352	0.009	0.387	0.24	0	0	0.005	0
F6122_10_C_48	LATE	FALL	1	0	0	0		0.002	0.13	0.009	0.773	0.087	0	0	0	0
F6122_10_C_49	LATE	FALL	1	0	0	0		0.001	0.001	0	0.001	0.998	0	0	0	0
F6122_10_C_5	LATE	FALL	1	0	0	0		0.183	0.644	0.002	0.102	0.069	0.001	0	0	0
F6122_10_C_50	LATE	FALL	1	0	0	0		0.504	0.01	0.006	0.008	0.472	0	0	0	0
F6122_10_C_6	LATE	FALL	1	0	0	0		0.001	0.015	0	0	0.983	0	0	0	0
F6122_10_C_7	LATE	FALL	1	0	0	0		0.008	0.442	0.005	0.003	0.541	0	0	0	0
F6122_10_C_8	LATE	FALL	1	0	0	0		0.029	0.035	0	0	0.934	0	0	0.001	0
F6122_10_C_9	LATE	FALL	1	0	0	0		0.099	0.439	0.019	0.006	0.437	0	0	0	0
F6122_10_D_1	LATE	FALL	0.98	0.02	0	0		0.005	0.689	0.016	0.042	0.232	0	0	0.017	0
F6122_10_D_10																
F6122_10_D_11	LATE	FALL	1	0	0	0		0.076	0.085	0.004	0	0.835	0	0	0	0
F6122_10_D_12	LATE	FALL	0.98	0.02	0	0		0	0.762	0.014	0	0.201	0	0	0.022	0
F6122_10_D_13	LATE	FALL	1	0	0	0		0.109	0.074	0	0.041	0.776	0	0	0	0
F6122_10_D_14	LATE	FALL	1	0	0	0		0.032	0.062	0	0.483	0.423	0	0	0	0
F6122_10_D_15	LATE	FALL	1	0	0	0		0.007	0.867	0.087	0.001	0.039	0	0	0	0
F6122_10_D_16	LATE	FALL	1	0	0	0		0.026	0.148	0.795	0.003	0.028	0	0	0	0
F6122_10_D_17	LATE	FALL	1	0	0	0		0	0.988	0.006	0	0.006	0	0	0	0
F6122_10_D_18	LATE	FALL	1	0	0	0		0.008	0.977	0.001	0.014	0.001	0	0	0	0
F6122_10_D_19	LATE	FALL	1	0	0	0		0.002	0.006	0	0.048	0.944	0	0	0	0
F6122_10_D_2	LATE	FALL	1	0	0	0		0.002	0.992	0.001	0.001	0.003	0	0	0	0
F6122_10_D_20	LATE	FALL	1	0	0	0		0	0.999	0	0.001	0	0	0	0	0
F6122_10_D_21	LATE	FALL	1	0	0	0		0.021	0.386	0	0.371	0.221	0	0	0	0
F6122_10_D_22	HETEROZYGOTE	FALL	0.99	0.01	0	0		0.557	0.151	0	0	0.283	0.001	0	0.008	0
F6122_10_D_23	LATE	FALL	1	0	0	0		0	0.778	0	0.02	0.201	0	0	0	0
F6122_10_D_24																
F6122_10_D_25																
F6122_10_D_26	LATE	FALL	1	0	0	0		0	0.586	0.002	0.166	0.246	0	0	0	0
F6122_10_D_27	LATE	FALL	1	0	0	0		0.029	0.007	0	0.101	0.862	0	0	0	0
F6122_10_D_28	LATE	FALL	1	0	0	0		0.183	0.317	0	0.354	0.146	0	0	0	0
F6122_10_D_3	LATE	FALL	0.98	0.01	0.01	0		0.011	0.348	0.456	0.001	0.162	0.01	0	0.013	0
F6122_10_D_4	LATE	FALL	1	0	0	0		0	0.985	0.008	0.001	0.006	0	0	0	0
F6122_10_D_5	HETEROZYGOTE	FALL	1	0	0	0		0.003	0.845	0	0.144	0.008	0	0	0	0
F6122_10_D_6	HETEROZYGOTE	FALL	0.99	0.01	0	0		0.335	0.019	0	0	0.641	0	0	0.005	0
F6122_10_D_7	LATE	FALL	1	0	0	0		0.042	0.956	0	0	0.001	0	0	0	0
F6122_10_D_8	LATE	FALL	1	0	0	0		0.773	0.042	0	0	0.186	0	0	0	0
F6122_10_D_9	HETEROZYGOTE	FALL	1	0	0	0		0.175	0.392	0.117	0.312	0.004	0	0	0	0
F6122_3_A_1	EARLY	SPRING	1	0	0	0	Feather River Spring	0.008	0.84	0.019	0.088	0.045	0	0	0	0
F6122_3_A_10																
F6122_3_A_11																
F6122_3_A_12		FALL	0.97	0.02	0.01	0		0.03	0.204	0.016	0.054	0.667	0.008	0	0.02	0
F6122_3_A_13																
F6122_3_A_14																
F6122_3_A_15																
F6122_3_A_16	HETEROZYGOTE	FALL	1	0	0	0		0.038	0.614	0.347	0.001	0	0	0	0	0
F6122_3_A_17	HETEROZYGOTE	FALL	1	0	0	0		0.031	0.281	0.003	0.676	0.009	0	0	0	0
F6122_3_A_18	LATE	FALL	0.99	0.01	0	0		0.046	0.813	0.023	0.011	0.097	0	0	0.011	0
F6122_3_A_19																
F6122_3_A_2																
F6122_3_A_20	LATE	FALL	0.77	0.01	0.23	0		0.004	0.506	0.004	0.028	0.223	0.23	0	0.005	0
F6122_3_A_21																
F6122_3_A_22	LATE	FALL	1	0	0	0		0.069	0.878	0.038	0.01	0.005	0	0	0	0
F6122_3_A_23																
F6122_3_A_24	LATE	FALL	1	0	0	0		0.008	0.817	0.077	0.015	0.083	0	0	0	0
F6122_3_A_25	LATE	FALL	1	0	0	0		0.003	0.968	0.008	0.012	0.006	0	0	0.003	0
F6122_3_A_26																
F6122_3_A_27																
F6122_3_A_28	LATE	FALL	0.96	0.04	0	0		0.006	0.705	0.005	0.209	0.035	0	0	0.04	0
F6122_3_A_29		FALL	1	0	0	0		0.017	0.239	0.048	0.014	0.68	0	0	0.002	0
F6122_3_A_3		FALL	0.94	0.01	0.05	0		0.047	0.26	0.411	0.17	0.047	0.055	0	0.01	0
F6122_3_A_30	EARLY	SPRING	0.97	0.01	0.02	0	Feather River Spring	0.183	0.39	0.015	0.35	0.034	0.02	0	0.009	0
F6122_3_A_31																
F6122_3_A_32	LATE	FALL	1	0	0	0		0.523	0.465	0.001	0.001	0.01	0	0	0	0
F6122_3_A_33																
F6122_3_A_34	LATE	FALL	1	0	0	0		0.039	0.101	0.851	0.004	0.005	0	0	0	0
F6122_3_A_35	EARLY	SPRING	1	0	0	0	Feather River Spring	0.001	0.209	0.567	0.063	0.161	0	0	0	0
F6122_3_A_36	HETEROZYGOTE	FALL	1	0	0	0		0.291	0.559	0	0	0.15	0	0	0	0
F6122_3_A_37	LATE	FALL	1	0	0	0		0.148	0.847	0	0	0.005	0	0	0	0
F6122_3_A_38		FALL	1	0	0	0		0.016	0.485	0.438	0.003	0.056	0	0.001	0.001	0
F6122_3_A_39	EARLY	SPRING	1	0	0	0	Feather River Spring	0.685	0.042	0.002	0	0.271	0	0	0	0
F6122_3_A_4	HETEROZYGOTE	FALL	1	0	0	0		0.016	0.867	0.003	0.016	0.097	0	0	0.001	0
F6122_3_A_40	HETEROZYGOTE	FALL	1	0	0	0		0.001	0.629	0.015	0.315	0.04	0	0	0.001	0
F6122_3_A_41	LATE	FALL	1	0	0	0		0.045	0.163	0	0.039	0.753	0	0	0	0
F6122_3_A_42																
F6122_3_A_43	EARLY	SPRING	1	0	0	0	Feather River Spring	0.052	0.695	0.043	0.017	0.193	0	0	0	0
F6122_3_A_44	LATE	FALL	1	0	0	0		0	0.998	0.001	0.001	0	0	0	0	0
F6122_3_A_45	EARLY	SPRING	1	0	0	0	Feather River Spring	0	0.29	0.647	0.063	0	0	0	0	0
F6122_3_A_46		FALL	0.96	0.04	0	0		0.066	0.419	0.164	0.114	0.2	0.002	0.001	0.035	0
F6122_3_A_47	HETEROZYGOTE	FALL	1	0	0	0		0.005	0.453	0.018	0.086	0.437	0	0	0.002	0
F6122_3_A_48		FALL	0.96	0.04	0	0		0.042	0.668	0.065	0.163	0.026	0.001	0	0.035	0
F6122_3_A_49	HETEROZYGOTE	FALL	1	0	0	0		0	0.889	0.003	0.089	0.018	0	0	0.001	0
F6122_3_A_5																
F6122_3_A_50	LATE	FALL	1	0	0	0		0.208	0.225	0.559	0.006	0.002	0	0	0	0
F6122_3_A_6	EARLY	SPRING	1	0	0	0	Feather River Spring	0	0.084	0.904	0	0.011	0	0.001	0	0
F6122_3_A_7																
F6122_3_A_8	LATE	FALL	1	0	0	0		0	0.372	0.286	0.071	0.271	0	0	0	0
F6122_3_A_9	LATE	FALL	1	0	0	0		0.027	0.861	0.11	0.001	0.001	0	0	0	0
F6122_3_B_1	EARLY	SPRING	1	0	0	0	Feather River Spring	0.001	0.22	0.779	0	0	0	0	0	0
F6122_3_B_10	EARLY	SPRING	1	0	0	0	Feather River Spring	0	0.158	0.841	0	0.001	0	0	0	0
F6122_3_B_11	EARLY	SPRING	1	0	0	0	Feather River Spring	0	0.001	0.998	0.001	0	0	0	0	0
F6122_3_B_12	HETEROZYGOTE	FALL	1	0	0	0		0	0.373	0.626	0	0	0	0	0	0
F6122_3_B_2	EARLY	SPRING	1	0	0	0	Feather River Spring	0	0.003	0.997	0	0	0	0	0	0
F6122_3_B_3	HETEROZYGOTE	FALL	1	0	0	0		0.012	0.971	0.004	0.014	0	0	0	0	0
F6122_3_B_4	EARLY	SPRING	1	0	0	0	Feather River Spring	0.002	0.109	0.886	0.003	0	0	0	0	0
F6122_3_B_5	EARLY	SPRING	1	0	0	0	Feather River Spring	0	0.036	0.964	0	0	0	0	0	0
F6122_3_B_6																
F6122_3_B_7	EARLY	SPRING	1	0	0	0	Feather River Spring	0.001	0.847	0.128	0.024	0	0	0	0	0
F6122_3_B_8																
F6122_3_B_9																
F6122_4_A_10	LATE	FALL	1	0	0	0		0	0.956	0	0	0.043	0	0	0	0
F6122_4_A_11	HETEROZYGOTE	FALL	1	0	0	0		0	0.976	0.002	0	0.017	0	0	0.004	0
F6122_4_A_12	LATE	FALL	1	0	0	0		0.001	0.008	0	0.001	0.99	0	0	0	0
F6122_4_A_13	LATE	FALL	0.96	0.04	0	0		0.048	0.698	0.059	0.07	0.083	0	0	0.041	0
F6122_4_A_15	LATE	FALL	1	0	0	0		0.004	0.82	0	0.019	0.158	0	0	0	0
F6122_4_A_16	LATE	FALL	1	0	0	0		0.004	0.053	0.041	0.721	0.182	0	0	0	0
F6122_4_A_18	LATE	FALL	1	0	0	0		0	0.714	0.051	0.232	0.002	0	0	0	0
F6122_4_A_19	LATE	FALL	1	0	0	0		0.044	0.843	0	0.112	0	0	0	0	0
F6122_4_A_2	HETEROZYGOTE	FALL	1	0	0	0		0.009	0.773	0.033	0	0.184	0	0	0.001	0
F6122_4_A_20	HETEROZYGOTE	FALL	1	0	0	0		0	0.001	0	0.004	0.996	0	0	0	0
F6122_4_A_21	LATE	FALL	1	0	0	0		0.005	0.929	0.021	0.043	0.002	0	0	0	0
F6122_4_A_22	LATE	FALL	1	0	0	0		0.001	0.524	0.149	0	0.322	0	0	0.004	0
F6122_4_A_23	HETEROZYGOTE	FALL	1	0	0	0		0.003	0.992	0.001	0.002	0.001	0	0	0	0
F6122_4_A_24	HETEROZYGOTE	FALL	1	0	0	0		0	0.838	0.16	0.002	0	0	0	0	0
F6122_4_A_25	LATE	FALL	0.83	0.17	0	0		0.097	0.253	0	0.025	0.453	0	0	0.172	0
F6122_4_A_26	LATE	FALL	1	0	0	0		0.019	0.727	0.146	0.088	0.017	0	0	0.003	0
F6122_4_A_27	LATE	FALL	1	0	0	0		0.01	0.977	0.003	0	0.009	0	0	0	0
F6122_4_A_28	LATE	FALL	1	0	0	0		0	0.936	0.002	0.035	0.028	0	0	0	0
F6122_4_A_29	LATE	FALL	1	0	0	0		0.001	0.988	0.001	0.01	0.001	0	0	0	0
F6122_4_A_3																
F6122_4_A_30	LATE	FALL	1	0	0	0		0	0.174	0	0	0.825	0	0	0	0
F6122_4_A_31																
F6122_4_A_32	LATE	FALL	1	0	0	0		0.004	0.982	0.006	0	0.009	0	0	0	0
F6122_4_A_33	LATE	FALL	1	0	0	0		0.006	0.006	0	0.916	0.072	0	0	0	0
F6122_4_A_34	LATE	FALL	1	0	0	0		0.079	0.218	0	0.001	0.702	0	0	0	0
F6122_4_A_35	LATE	FALL	1	0	0	0		0.082	0.244	0.636	0.004	0.031	0	0	0.003	0
F6122_4_A_36	LATE	FALL	1	0	0	0		0.001	0.961	0.035	0.001	0.001	0	0	0.001	0
F6122_4_A_37	EARLY	SPRING	1	0	0	0	Feather River Spring	0.053	0.063	0.883	0	0.001	0	0	0	0
F6122_4_A_38	HETEROZYGOTE	FALL	1	0	0	0		0.001	0.44	0.559	0	0	0	0	0	0
F6122_4_A_39	LATE	FALL	1	0	0	0		0	0.231	0.072	0.083	0.613	0	0	0	0
F6122_4_A_4	LATE	FALL	0.99	0.01	0	0		0.042	0.645	0.006	0.087	0.213	0	0	0.006	0
F6122_4_A_40	LATE	FALL	0.93	0.07	0	0		0.002	0.085	0	0.004	0.841	0	0	0.068	0
F6122_4_A_41	LATE	FALL	1	0	0	0		0.005	0.92	0	0.074	0	0	0	0	0
F6122_4_A_42	LATE	FALL	0.99	0.01	0	0		0.063	0.813	0	0.008	0.11	0	0	0.005	0
F6122_4_A_43	HETEROZYGOTE	FALL	1	0	0	0		0	0.934	0.006	0.038	0.022	0	0	0	0
F6122_4_A_44	LATE	FALL	1	0	0	0		0.003	0.787	0.21	0	0	0	0	0	0
F6122_4_A_45	EARLY	SPRING	0.99	0.01	0	0	Feather River Spring	0.076	0.234	0	0.631	0.052	0	0	0.006	0
F6122_4_A_46		FALL	0.99	0	0.01	0		0.299	0.554	0.057	0.01	0.069	0.007	0	0.005	0
F6122_4_A_47	LATE	FALL	1	0	0	0		0.118	0.766	0.01	0.003	0.103	0	0	0	0
F6122_4_A_48	HETEROZYGOTE	FALL	1	0	0	0		0.087	0.886	0.01	0.002	0.016	0	0	0	0
F6122_4_A_49	LATE	FALL	1	0	0	0		0.002	0.656	0	0.046	0.293	0	0	0.002	0
F6122_4_A_5	LATE	FALL	0.81	0.19	0	0		0	0.208	0.229	0.028	0.346	0	0	0.189	0
F6122_4_A_50	HETEROZYGOTE	FALL	1	0	0	0		0.128	0.867	0	0.002	0.003	0	0	0	0
F6122_4_A_6	LATE	FALL	1	0	0	0		0	0.999	0.001	0	0	0	0	0	0
F6122_4_A_7	LATE	FALL	1	0	0	0		0.03	0.55	0.001	0.027	0.391	0	0	0.001	0
F6122_4_B_1	HETEROZYGOTE	FALL	1	0	0	0		0.001	0.135	0.826	0	0.038	0	0	0	0
F6122_4_B_10	EARLY	SPRING	1	0	0	0	Feather River Spring	0	0.022	0.978	0	0	0	0	0	0
F6122_4_B_11	EARLY	SPRING	1	0	0	0	Feather River Spring	0.006	0.489	0.458	0.044	0.003	0	0	0	0
F6122_4_B_12	EARLY	SPRING	1	0	0	0	Feather River Spring	0.019	0.874	0.002	0.019	0.086	0	0	0	0
F6122_4_B_14	LATE	FALL	1	0	0	0		0	0.766	0	0.003	0.231	0	0	0	0
F6122_4_B_15	HETEROZYGOTE	FALL	1	0	0	0		0.102	0.764	0.129	0	0.005	0	0	0	0
F6122_4_B_16	HETEROZYGOTE	FALL	1	0	0	0		0.003	0.774	0.05	0.029	0.143	0	0	0	0
F6122_4_B_17	EARLY	SPRING	1	0	0	0	Feather River Spring	0	0.049	0.95	0	0	0	0	0	0
F6122_4_B_18	HETEROZYGOTE	FALL	1	0	0	0		0	0.998	0.001	0	0.001	0	0	0	0
F6122_4_B_19	HETEROZYGOTE	FALL	1	0	0	0		0	0.986	0	0.009	0.005	0	0	0	0
F6122_4_B_2	EARLY	SPRING	1	0	0	0	Feather River Spring	0.001	0.78	0.213	0.005	0	0	0	0	0
F6122_4_B_20	EARLY	SPRING	1	0	0	0	Feather River Spring	0	0.989	0.011	0	0	0	0	0	0
F6122_4_B_21	EARLY	SPRING	1	0	0	0	Feather River Spring	0.353	0.042	0.001	0.242	0.362	0	0	0	0
F6122_4_B_22	EARLY	SPRING	1	0	0	0	Feather River Spring	0.006	0.01	0.979	0	0.005	0	0	0	0
F6122_4_B_23	HETEROZYGOTE	FALL	1	0	0	0		0.007	0.698	0.005	0.003	0.286	0	0	0	0
F6122_4_B_25	EARLY	SPRING	1	0	0	0	Feather River Spring	0.001	0.919	0.045	0.034	0.001	0	0	0	0
F6122_4_B_26	EARLY	SPRING	1	0	0	0	Feather River Spring	0.014	0.209	0.776	0.001	0.001	0	0	0	0
F6122_4_B_3	EARLY	SPRING	1	0	0	0	Feather River Spring	0.022	0.977	0.001	0	0	0	0	0	0
F6122_4_B_30	EARLY	SPRING	1	0	0	0	Feather River Spring	0	0.985	0.015	0	0	0	0	0	0
F6122_4_B_31	HETEROZYGOTE	FALL	1	0	0	0		0	0.999	0	0.001	0	0	0	0	0
F6122_4_B_33	EARLY	SPRING	1	0	0	0	Feather River Spring	0	0.004	0.996	0	0	0	0	0	0
F6122_4_B_34	HETEROZYGOTE	FALL	1	0	0	0		0.004	0.156	0.836	0	0.004	0	0	0	0
F6122_4_B_35	EARLY	SPRING	1	0	0	0	Feather River Spring	0	0.535	0.465	0	0	0	0	0	0
F6122_4_B_36	EARLY	SPRING	1	0	0	0	Feather River Spring	0.049	0.533	0.416	0.001	0.001	0	0	0	0
F6122_4_B_37	HETEROZYGOTE	FALL	1	0	0	0		0	0.075	0.923	0.002	0	0	0	0	0
F6122_4_B_38	EARLY	SPRING	1	0	0	0	Feather River Spring	0	0.297	0.698	0.001	0.003	0	0	0	0
F6122_4_B_39	HETEROZYGOTE															
F6122_4_B_4	EARLY	SPRING	1	0	0	0	Feather River Spring	0.002	0.944	0.014	0.009	0.03	0	0	0	0
F6122_4_B_40	EARLY	SPRING	1	0	0	0	Feather River Spring	0	0.071	0.929	0	0	0	0	0	0
F6122_4_B_41	HETEROZYGOTE	FALL	1	0	0	0		0.033	0.87	0.053	0.003	0.041	0	0	0	0
F6122_4_B_42	EARLY	SPRING	1	0	0	0	Feather River Spring	0.04	0.687	0.006	0.021	0.245	0	0	0.001	0
F6122_4_B_43	EARLY	SPRING	1	0	0	0	Feather River Spring	0	0.873	0.106	0	0.021	0	0	0	0
F6122_4_B_44	EARLY	SPRING	1	0	0	0	Feather River Spring	0	0.006	0.993	0	0.001	0	0	0	0
F6122_4_B_45	EARLY	SPRING	1	0	0	0	Feather River Spring	0	0.458	0.542	0	0	0	0	0	0
F6122_4_B_46	HETEROZYGOTE	FALL	1	0	0	0		0.001	0.647	0.076	0.013	0.261	0	0	0.002	0
F6122_4_B_47	HETEROZYGOTE	FALL	1	0	0	0		0.001	0.967	0.026	0.002	0.004	0	0	0	0
F6122_4_B_48	EARLY	SPRING	1	0	0	0	Feather River Spring	0.008	0.897	0.039	0	0.055	0	0	0	0
F6122_4_B_49	LATE	FALL	1	0	0	0		0.005	0.704	0.167	0.022	0.1	0	0	0.003	0
F6122_4_B_5	EARLY	SPRING	1	0	0	0	Feather River Spring	0	0.85	0.148	0	0.002	0	0	0	0
F6122_4_B_50	EARLY	SPRING	1	0	0	0	Feather River Spring	0.003	0.366	0.172	0.179	0.279	0	0	0	0
F6122_4_B_6	EARLY	SPRING	1	0	0	0	Feather River Spring	0	0.373	0.472	0.154	0	0	0	0	0
F6122_4_B_7	EARLY	SPRING	1	0	0	0	Feather River Spring	0	0.567	0.427	0	0.006	0	0	0	0
F6122_4_B_8	EARLY	SPRING	1	0	0	0	Feather River Spring	0	0.113	0.887	0	0	0	0	0	0
F6122_4_B_9	HETEROZYGOTE															
F6122_4_C_1	EARLY	SPRING	1	0	0	0	Feather River Spring	0	0.131	0.868	0.001	0	0	0	0	0
F6122_4_C_2	EARLY	SPRING	1	0	0	0	Feather River Spring	0.003	0.982	0.014	0	0.001	0	0	0	0
F6122_5_A_1																
F6122_5_A_10	LATE	FALL	1	0	0	0		0.009	0.06	0	0.019	0.912	0	0	0	0
F6122_5_A_11	LATE	FALL	1	0	0	0		0.001	0.003	0	0.669	0.326	0	0	0	0
F6122_5_A_12	LATE	FALL	1	0	0	0		0.003	0.986	0.008	0.003	0	0	0	0	0
F6122_5_A_13	LATE	FALL	1	0	0	0		0	0.005	0	0.871	0.125	0	0	0	0
F6122_5_A_14	LATE	FALL	1	0	0	0		0	0.998	0.002	0	0	0	0	0	0
F6122_5_A_15	EARLY	SPRING	1	0	0	0	Feather River Spring	0	0.016	0.984	0	0	0	0	0	0
F6122_5_A_16	LATE	FALL	0.99	0.01	0	0		0	0.369	0.045	0.25	0.324	0	0	0.013	0
F6122_5_A_17	LATE	FALL	1	0	0	0		0	0.999	0	0.001	0	0	0	0	0
F6122_5_A_18																
F6122_5_A_19	LATE	FALL	1	0	0	0		0.005	0.963	0.032	0	0	0	0	0	0
F6122_5_A_2																
F6122_5_A_20	LATE	FALL	1	0	0	0		0.001	0.024	0	0.96	0.015	0	0	0	0
F6122_5_A_21	HETEROZYGOTE	FALL	1	0	0	0		0	0.674	0.001	0.008	0.316	0	0	0	0
F6122_5_A_22																
F6122_5_A_23	LATE	FALL	0.98	0.02	0	0		0.143	0.094	0.009	0.013	0.725	0	0	0.016	0
F6122_5_A_24	LATE	FALL	1	0	0	0		0.052	0.921	0.002	0.017	0.009	0	0	0	0
F6122_5_A_25	LATE	FALL	1	0	0	0		0.001	0.003	0	0.124	0.872	0	0	0	0
F6122_5_A_26	EARLY	SPRING	1	0	0	0	Feather River Spring	0.006	0.007	0.001	0	0.985	0	0	0	0
F6122_5_A_27	LATE	FALL	1	0	0	0		0	0.886	0.109	0.003	0.001	0	0	0	0
F6122_5_A_28	LATE	FALL	0.88	0.12	0	0		0.013	0.052	0.013	0.56	0.238	0	0	0.124	0
F6122_5_A_29		FALL	0.98	0	0.02	0		0.004	0.505	0.01	0.022	0.435	0.02	0	0.003	0
F6122_5_A_3	HETEROZYGOTE	FALL	1	0	0	0		0	0.084	0	0.901	0.015	0	0	0	0
F6122_5_A_30																
F6122_5_A_31	LATE	FALL	1	0	0	0		0	0.999	0	0	0	0	0	0	0
F6122_5_A_32	EARLY	SPRING	0.95	0.05	0	0	Feather River Spring	0.112	0.611	0.012	0.213	0.002	0	0.002	0.049	0
F6122_5_A_33	LATE	FALL	1	0	0	0		0.001	0.703	0.002	0.219	0.075	0	0	0	0
F6122_5_A_34	LATE	FALL	1	0	0	0		0.904	0.068	0	0.007	0.021	0	0	0	0
F6122_5_A_35	LATE	FALL	1	0	0	0		0	0.148	0.001	0.002	0.848	0	0	0	0
F6122_5_A_36	EARLY	SPRING	1	0	0	0	Feather River Spring	0	0.986	0.013	0	0	0	0	0	0
F6122_5_A_37	LATE	FALL	1	0	0	0		0	0.776	0.002	0.015	0.206	0	0	0.001	0
F6122_5_A_38	LATE	FALL	1	0	0	0		0	0.759	0	0.239	0.003	0	0	0	0
F6122_5_A_39	LATE	FALL	1	0	0	0		0.001	0.106	0.025	0.103	0.764	0	0	0	0
F6122_5_A_4																
F6122_5_A_40	LATE	FALL	0.99	0.01	0	0		0.887	0.037	0	0.048	0.017	0	0	0.011	0
F6122_5_A_41	LATE	FALL	1	0	0	0		0.004	0.907	0	0.033	0.056	0	0	0.001	0
F6122_5_A_42	LATE	FALL	1	0	0	0		0.001	0.705	0.11	0.181	0.002	0	0	0	0
F6122_5_A_43	HETEROZYGOTE	FALL	1	0	0	0		0.254	0.712	0.001	0.024	0.008	0	0	0.001	0
F6122_5_A_44	LATE	FALL	1	0	0	0		0.043	0.956	0	0.001	0	0	0	0	0
F6122_5_A_45	HETEROZYGOTE	FALL	1	0	0	0		0.001	0.982	0.01	0	0.006	0	0	0	0
F6122_5_A_46	LATE	FALL	1	0	0	0		0.006	0.001	0	0.008	0.985	0	0	0	0
F6122_5_A_47	LATE	FALL	1	0	0	0		0.003	0.208	0	0.059	0.73	0	0	0	0
F6122_5_A_48	LATE	FALL	1	0	0	0		0.792	0.046	0	0.001	0.161	0	0	0	0
F6122_5_A_49	LATE	FALL	1	0	0	0		0.031	0.033	0	0.01	0.927	0	0	0	0
F6122_5_A_5	EARLY	SPRING	1	0	0	0	Feather River Spring	0.048	0.291	0.003	0.008	0.65	0	0	0	0
F6122_5_A_50	LATE	FALL	1	0	0	0		0	0.283	0.001	0.041	0.675	0	0	0	0
F6122_5_A_6																
F6122_5_A_7	EARLY	SPRING	1	0	0	0	Feather River Spring	0.073	0.722	0.032	0.116	0.056	0	0	0.001	0
F6122_5_A_8	LATE	FALL	1	0	0	0		0.16	0.047	0	0.325	0.468	0	0	0	0
F6122_5_A_9	LATE	FALL	1	0	0	0		0.027	0.92	0.048	0.002	0.003	0	0	0	0
F6122_5_B_1	EARLY	SPRING	1	0	0	0	Feather River Spring	0	0.153	0.846	0.001	0	0	0	0	0
F6122_5_B_10	EARLY	SPRING	1	0	0	0	Feather River Spring	0	0.021	0.976	0.002	0	0	0	0	0
F6122_5_B_11	EARLY	SPRING	1	0	0	0	Feather River Spring	0.002	0.826	0.17	0.002	0	0	0	0	0
F6122_5_B_12	EARLY	SPRING	1	0	0	0	Feather River Spring	0	0.529	0.47	0.001	0	0	0	0	0
F6122_5_B_13	EARLY	SPRING	1	0	0	0	Feather River Spring	0	0.969	0.031	0	0	0	0	0	0
F6122_5_B_14	EARLY	SPRING	0.96	0.04	0	0	Feather River Spring	0.032	0.216	0.353	0.352	0.007	0	0	0.039	0
F6122_5_B_15	EARLY	SPRING	1	0	0	0	Feather River Spring	0	0	1	0	0	0	0	0	0
F6122_5_B_16	EARLY	SPRING	1	0	0	0	Feather River Spring	0	0.113	0.887	0	0	0	0	0	0
F6122_5_B_17	EARLY	SPRING	1	0	0	0	Feather River Spring	0	0.577	0.423	0	0	0	0	0	0
F6122_5_B_18	EARLY	SPRING	1	0	0	0	Feather River Spring	0.164	0.041	0.794	0	0	0	0	0	0
F6122_5_B_19	HETEROZYGOTE	FALL	1	0	0	0		0	0.906	0.001	0.001	0.091	0	0	0	0
F6122_5_B_2	HETEROZYGOTE	FALL	1	0	0	0		0	0.938	0.001	0.061	0.001	0	0	0	0
F6122_5_B_20	EARLY	SPRING	1	0	0	0	Feather River Spring	0	0.012	0.988	0	0	0	0	0	0
F6122_5_B_21	HETEROZYGOTE	FALL	1	0	0	0		0	0.827	0	0.091	0.081	0	0	0	0
F6122_5_B_22	HETEROZYGOTE	FALL	0.63	0.37	0	0		0.043	0.544	0	0	0.044	0	0	0.367	0
F6122_5_B_23	EARLY	SPRING	1	0	0	0	Feather River Spring	0.029	0.93	0.04	0	0	0	0	0	0
F6122_5_B_24	EARLY	SPRING	1	0	0	0	Feather River Spring	0	0.661	0.312	0.023	0.004	0	0	0	0
F6122_5_B_25	EARLY	SPRING	1	0	0	0	Feather River Spring	0.174	0.295	0.243	0.004	0.285	0	0	0	0
F6122_5_B_26	HETEROZYGOTE	FALL	1	0	0	0		0	0.912	0.046	0	0.042	0	0	0	0
F6122_5_B_27	HETEROZYGOTE	FALL	1	0	0	0		0	0.929	0	0.06	0.011	0	0	0	0
F6122_5_B_28	EARLY	SPRING	1	0	0	0	Feather River Spring	0.13	0.506	0.357	0.006	0.001	0	0	0	0
F6122_5_B_29	EARLY	SPRING	1	0	0	0	Feather River Spring	0.035	0.515	0.448	0.001	0	0	0	0	0
F6122_5_B_3	LATE	FALL	1	0	0	0		0.051	0.501	0.014	0.137	0.296	0	0	0.002	0
F6122_5_B_30	HETEROZYGOTE	FALL	1	0	0	0		0.001	0.817	0.177	0.005	0	0	0	0	0
F6122_5_B_31	EARLY	SPRING	1	0	0	0	Feather River Spring	0.016	0.717	0	0.014	0.253	0	0	0	0
F6122_5_B_32	HETEROZYGOTE	FALL	1	0	0	0		0.02	0.656	0	0.321	0.003	0	0	0	0
F6122_5_B_33	EARLY	SPRING	1	0	0	0	Feather River Spring	0	0.067	0.933	0	0	0	0	0	0
F6122_5_B_34	HETEROZYGOTE	FALL	0.99	0.01	0	0		0.347	0.046	0.002	0.262	0.337	0	0	0.006	0
F6122_5_B_35	EARLY	SPRING	1	0	0	0	Feather River Spring	0	0.928	0.071	0	0	0	0	0	0
F6122_5_B_36	EARLY	SPRING	1	0	0	0	Feather River Spring	0	0.948	0.049	0.001	0.002	0	0	0	0
F6122_5_B_37	EARLY	SPRING	1	0	0	0	Feather River Spring	0	0.002	0.998	0	0	0	0	0	0
F6122_5_B_38	EARLY	SPRING	1	0	0	0	Feather River Spring	0	0.416	0.584	0	0	0	0	0	0
F6122_5_B_39	EARLY	SPRING	1	0	0	0	Feather River Spring	0	0.967	0	0.006	0.026	0	0	0	0
F6122_5_B_4	EARLY	SPRING	1	0	0	0	Feather River Spring	0	0.982	0.015	0	0.003	0	0	0	0
F6122_5_B_40	EARLY	SPRING	1	0	0	0	Feather River Spring	0	0.603	0.381	0.014	0.001	0	0	0	0
F6122_5_B_5	EARLY	SPRING	1	0	0	0	Feather River Spring	0.001	0.861	0.124	0.013	0.001	0	0	0	0
F6122_5_B_6	HETEROZYGOTE	FALL	1	0	0	0		0.002	0.026	0.971	0.001	0	0	0	0	0
F6122_5_B_7	EARLY	SPRING	1	0	0	0	Feather River Spring	0	0.497	0.503	0	0	0	0	0	0
F6122_5_B_8	EARLY	SPRING	1	0	0	0	Feather River Spring	0	0.388	0.058	0.166	0.388	0	0	0	0
F6122_5_B_9	HETEROZYGOTE	FALL	1	0	0	0		0.131	0.021	0.08	0.544	0.224	0	0	0	0
F6122_5_C_1	EARLY	SPRING	1	0	0	0	Feather River Spring	0	0.856	0.144	0	0	0	0	0	0
F6122_5_C_10	EARLY	SPRING	1	0	0	0	Feather River Spring	0.002	0.014	0.891	0.074	0.018	0	0	0.001	0
F6122_5_C_11	EARLY	SPRING	1	0	0	0	Feather River Spring	0	0.056	0.94	0	0.003	0	0	0	0
F6122_5_C_12																
F6122_5_C_2	EARLY	SPRING	1	0	0	0	Feather River Spring	0.886	0.049	0.006	0.029	0.03	0	0	0	0
F6122_5_C_3	EARLY	SPRING	1	0	0	0	Feather River Spring	0	0.999	0	0	0	0	0	0	0
F6122_5_C_4																
F6122_5_C_5	EARLY	SPRING	1	0	0	0	Feather River Spring	0	0.998	0.001	0	0.001	0	0	0	0
F6122_5_C_6	EARLY	SPRING	1	0	0	0	Feather River Spring	0.007	0.395	0.589	0.009	0	0	0	0.001	0
F6122_5_C_7	EARLY	SPRING	1	0	0	0	Feather River Spring	0.007	0.816	0.143	0.013	0.022	0	0	0	0
F6122_5_C_8	EARLY	SPRING	1	0	0	0	Feather River Spring	0	0.976	0.021	0.002	0.001	0	0	0	0
F6122_5_C_9	EARLY	SPRING	1	0	0	0	Feather River Spring	0.007	0.265	0.006	0.007	0.714	0	0	0	0
F6122_6_A_1	LATE	LATEFALL	0.18	0.82	0	0		0.106	0.017	0.002	0.057	0.002	0	0	0.815	0
F6122_6_A_10	LATE	FALL	1	0	0	0		0.006	0.985	0	0	0.008	0	0	0	0
F6122_6_A_11	LATE	FALL	1	0	0	0		0.02	0.01	0.002	0.085	0.882	0	0	0	0
F6122_6_A_12	LATE	FALL	1	0	0	0		0.007	0.216	0.071	0.063	0.642	0	0	0	0
F6122_6_A_13	LATE	FALL	0.94	0.06	0	0		0.68	0.009	0	0.01	0.239	0	0	0.062	0
F6122_6_A_14	LATE	FALL	1	0	0	0		0.026	0.4	0.001	0.392	0.181	0	0	0	0
F6122_6_A_15	LATE	FALL	1	0	0	0		0.099	0.527	0.001	0.056	0.315	0	0	0.002	0
F6122_6_A_16																
F6122_6_A_17	LATE	FALL	0.81	0.19	0	0		0.086	0.069	0.004	0.631	0.022	0	0	0.188	0
F6122_6_A_18	LATE	LATEFALL	0.26	0.74	0	0		0.209	0.001	0.006	0.013	0.027	0	0	0.744	0
F6122_6_A_19	LATE	FALL	1	0	0	0		0.001	0.255	0	0.219	0.525	0	0	0	0
F6122_6_A_2	LATE	FALL	1	0	0	0		0	0.971	0.003	0.014	0.013	0	0	0	0
F6122_6_A_20	LATE	FALL	0.99	0.01	0	0		0.403	0.253	0.003	0.039	0.297	0	0	0.005	0
F6122_6_A_21	LATE	FALL	1	0	0	0		0.041	0	0	0.898	0.061	0	0	0	0
F6122_6_A_22	LATE	FALL	1	0	0	0		0.022	0.444	0.02	0.42	0.089	0	0	0.005	0
F6122_6_A_23	LATE	FALL	0.96	0.04	0	0		0.272	0.331	0.002	0.08	0.272	0	0	0.043	0
F6122_6_A_24	LATE	FALL	0.81	0.19	0	0		0.09	0.009	0	0.684	0.025	0	0	0.192	0
F6122_6_A_25	LATE	FALL	1	0	0	0		0.45	0.011	0	0.12	0.419	0	0	0	0
F6122_6_A_26	LATE	FALL	1	0	0	0		0.065	0.001	0	0.04	0.894	0	0	0	0
F6122_6_A_27	LATE	FALL	0.99	0.01	0	0		0.157	0	0	0.028	0.809	0	0	0.005	0
F6122_6_A_28	HETEROZYGOTE	FALL	1	0	0	0		0	0.414	0.002	0.431	0.152	0	0	0	0
F6122_6_A_29	LATE	FALL	1	0	0	0		0.924	0.04	0.017	0.002	0.015	0	0	0.002	0
F6122_6_A_3	LATE	FALL	0.99	0.01	0	0		0.382	0.407	0	0.074	0.127	0	0	0.01	0
F6122_6_A_30	LATE	LATEFALL	0.07	0.93	0	0		0.009	0.017	0	0.001	0.045	0	0	0.929	0
F6122_6_A_31	LATE	FALL	0.99	0.01	0	0		0.002	0.203	0.002	0.005	0.782	0	0	0.006	0
F6122_6_A_32	LATE	FALL	0.99	0.01	0	0		0.573	0.044	0	0.357	0.016	0	0	0.01	0
F6122_6_A_33	LATE	FALL	0.85	0.15	0	0		0.009	0.038	0.003	0.046	0.749	0	0	0.155	0
F6122_6_A_34	LATE	FALL	0.66	0.34	0	0		0.544	0.054	0.022	0.017	0.025	0	0	0.338	0
F6122_6_A_35	LATE	FALL	1	0	0	0		0.002	0.996	0.002	0	0	0	0	0	0
F6122_6_A_36	HETEROZYGOTE	FALL	1	0	0	0		0.05	0.902	0.021	0.002	0.024	0	0	0.002	0
F6122_6_A_37	HETEROZYGOTE	FALL	1	0	0	0		0	0.996	0.003	0.001	0	0	0	0	0
F6122_6_A_38	LATE	FALL	1	0	0	0		0.023	0.002	0	0.119	0.855	0	0	0.001	0
F6122_6_A_39	LATE	FALL	1	0	0	0		0.035	0.001	0	0.018	0.945	0	0	0	0
F6122_6_A_4	LATE	FALL	1	0	0	0		0.08	0.39	0.012	0.098	0.419	0	0	0	0
F6122_6_A_40	LATE	FALL	0.93	0.07	0	0		0.029	0.01	0.001	0.79	0.099	0	0	0.071	0
F6122_6_A_41	LATE	FALL	1	0	0	0		0.002	0.99	0	0.005	0.002	0	0	0	0
F6122_6_A_42	LATE	FALL	1	0	0	0		0	0.142	0.002	0.032	0.823	0	0	0	0
F6122_6_A_43	LATE	FALL	1	0	0	0		0.001	0.665	0.335	0	0	0	0	0	0
F6122_6_A_44	LATE	FALL	1	0	0	0		0.059	0.077	0.005	0.2	0.659	0	0	0	0
F6122_6_A_45	LATE	FALL	1	0	0	0		0	0.018	0.001	0	0.982	0	0	0	0
F6122_6_A_46	LATE	FALL	1	0	0	0		0.02	0.006	0.001	0.897	0.075	0	0	0	0
F6122_6_A_47	LATE	FALL	1	0	0	0		0.021	0.017	0	0.916	0.046	0	0	0	0
F6122_6_A_48	LATE	FALL	1	0	0	0		0.057	0.135	0	0.207	0.601	0	0	0	0
F6122_6_A_49	LATE	FALL	1	0	0	0		0.002	0.949	0.001	0.027	0.021	0	0	0	0
F6122_6_A_5	LATE	FALL	0.99	0.01	0	0		0.05	0.022	0.006	0.013	0.9	0	0	0.01	0
F6122_6_A_50	LATE	FALL	1	0	0	0		0.02	0.044	0.023	0.411	0.502	0	0	0	0
F6122_6_A_6	LATE	FALL	1	0	0	0		0.089	0.778	0.002	0.091	0.039	0	0	0.001	0
F6122_6_A_7	LATE	FALL	1	0	0	0		0	0.991	0.006	0.001	0.002	0	0	0	0
F6122_6_A_8	HETEROZYGOTE	FALL	1	0	0	0		0	0.951	0.003	0.045	0.001	0	0	0	0
F6122_6_A_9	LATE	FALL	1	0	0	0		0.048	0.943	0.003	0.001	0.005	0	0	0	0
F6122_6_B_1	HETEROZYGOTE	FALL	1	0	0	0		0.013	0.547	0.034	0.002	0.404	0	0	0	0
F6122_6_B_10	LATE	FALL	1	0	0	0		0.004	0.466	0.007	0.47	0.053	0	0	0	0
F6122_6_B_11	HETEROZYGOTE	FALL	1	0	0	0		0.262	0.563	0.004	0.107	0.065	0	0	0	0
F6122_6_B_12	EARLY	SPRING	1	0	0	0	Feather River Spring	0	0.943	0.044	0	0.012	0	0	0	0
F6122_6_B_13	EARLY	SPRING	1	0	0	0	Feather River Spring	0.003	0.084	0.907	0	0.006	0	0	0	0
F6122_6_B_14	EARLY	SPRING	1	0	0	0	Feather River Spring	0	0.988	0.012	0	0	0	0	0	0
F6122_6_B_15	EARLY	SPRING	1	0	0	0	Feather River Spring	0	0.996	0.004	0	0	0	0	0	0
F6122_6_B_16	LATE	FALL	0.92	0.08	0	0		0.002	0.063	0	0.829	0.022	0	0	0.084	0
F6122_6_B_17	HETEROZYGOTE	FALL	1	0	0	0		0.004	0.873	0.069	0.02	0.035	0	0	0	0
F6122_6_B_18	LATE	FALL	1	0	0	0		0.026	0.925	0.011	0.033	0.005	0	0	0	0
F6122_6_B_19	LATE	FALL	1	0	0	0		0.003	0.464	0.027	0.497	0.009	0	0	0	0
F6122_6_B_2	HETEROZYGOTE	FALL	1	0	0	0		0.285	0.693	0	0.018	0.003	0	0	0.001	0
F6122_6_B_20	LATE	FALL	1	0	0	0		0.773	0.225	0.001	0	0	0	0	0	0
F6122_6_B_21	EARLY	SPRING	1	0	0	0	Feather River Spring	0	0.765	0.235	0	0	0	0	0	0
F6122_6_B_22	EARLY	SPRING	1	0	0	0	Feather River Spring	0	0.181	0.794	0.024	0.001	0	0	0	0
F6122_6_B_23	HETEROZYGOTE	FALL	1	0	0	0		0.004	0.787	0.021	0.008	0.181	0	0	0	0
F6122_6_B_24	EARLY	SPRING	1	0	0	0	Feather River Spring	0.003	0.028	0	0.015	0.954	0	0	0	0
F6122_6_B_25	EARLY	SPRING	1	0	0	0	Feather River Spring	0.005	0.742	0.012	0.155	0.085	0	0	0	0
F6122_6_B_26	HETEROZYGOTE	FALL	1	0	0	0		0.004	0.985	0.01	0	0	0	0	0	0
F6122_6_B_27	EARLY	SPRING	1	0	0	0	Feather River Spring	0.002	0.803	0.178	0.014	0.003	0	0	0	0
F6122_6_B_28	EARLY	SPRING	1	0	0	0	Feather River Spring	0.001	0.993	0.006	0	0	0	0	0	0
F6122_6_B_29	EARLY	SPRING	1	0	0	0	Feather River Spring	0	0.95	0.046	0.003	0	0	0	0.001	0
F6122_6_B_3	LATE	FALL	1	0	0	0		0.001	0.851	0.125	0.021	0.002	0	0	0	0
F6122_6_B_30	HETEROZYGOTE	FALL	1	0	0	0		0.001	0.202	0.005	0.676	0.117	0	0	0	0
F6122_6_B_31	HETEROZYGOTE	FALL	1	0	0	0		0	0.946	0.054	0	0	0	0	0	0
F6122_6_B_32	EARLY	SPRING	1	0	0	0	Feather River Spring	0	0.754	0.002	0.24	0.003	0	0	0	0
F6122_6_B_33	LATE	FALL	1	0	0	0		0.452	0.106	0	0.057	0.381	0.003	0	0	0
F6122_6_B_34	EARLY	SPRING	1	0	0	0	Feather River Spring	0	0.383	0.01	0	0.606	0	0	0	0
F6122_6_B_35	HETEROZYGOTE	FALL	1	0	0	0		0	0.922	0.078	0	0	0	0	0	0
F6122_6_B_36	HETEROZYGOTE	LATEFALL	0.29	0.71	0	0		0.012	0.052	0.01	0.044	0.174	0	0	0.708	0
F6122_6_B_37	LATE	FALL	1	0	0	0		0.001	0.188	0	0.807	0.004	0	0	0	0
F6122_6_B_38	HETEROZYGOTE	FALL	1	0	0	0		0.997	0.002	0	0	0.001	0	0	0	0
F6122_6_B_39	HETEROZYGOTE	FALL	1	0	0	0		0.003	0.951	0.007	0.016	0.022	0	0	0	0
F6122_6_B_4	EARLY	SPRING	1	0	0	0	Feather River Spring	0	0.876	0.106	0.006	0.012	0	0	0	0
F6122_6_B_40	LATE	FALL	1	0	0	0		0.002	0.885	0.084	0.001	0.028	0	0	0	0
F6122_6_B_41	EARLY	SPRING	1	0	0	0	Feather River Spring	0.001	0.472	0.412	0	0.113	0	0	0.002	0
F6122_6_B_42	HETEROZYGOTE	FALL	1	0	0	0		0.002	0.912	0.083	0.002	0	0	0	0	0
F6122_6_B_43	LATE	FALL	1	0	0	0		0.002	0.057	0.833	0.069	0.039	0	0	0	0
F6122_6_B_44	LATE	FALL	1	0	0	0		0.046	0.02	0.001	0.933	0	0	0	0	0
F6122_6_B_45	HETEROZYGOTE	FALL	1	0	0	0		0.002	0.932	0.002	0.061	0.002	0	0	0.001	0
F6122_6_B_46	HETEROZYGOTE	FALL	1	0	0	0		0.942	0.031	0.001	0.011	0.015	0	0	0	0
F6122_6_B_47	LATE	FALL	1	0	0	0		0.001	0.422	0.009	0.095	0.471	0	0	0.002	0
F6122_6_B_48	LATE	FALL	1	0	0	0		0	0.237	0.13	0.008	0.624	0	0	0	0
F6122_6_B_49	LATE	FALL	1	0	0	0		0.967	0.017	0	0.008	0.006	0	0	0	0
F6122_6_B_5	EARLY	SPRING	1	0	0	0	Feather River Spring	0.001	0.007	0.992	0	0	0	0	0	0
F6122_6_B_50	HETEROZYGOTE	FALL	1	0	0	0		0.001	0.335	0	0.524	0.139	0	0	0	0
F6122_6_B_6	LATE	FALL	1	0	0	0		0	0.648	0	0.044	0.307	0	0	0	0
F6122_6_B_7	EARLY	SPRING	1	0	0	0	Feather River Spring	0	0.998	0.001	0.001	0	0	0	0	0
F6122_6_B_8	EARLY	SPRING	1	0	0	0	Feather River Spring	0	0.002	0.997	0	0.001	0	0	0	0
F6122_6_B_9	HETEROZYGOTE	FALL	1	0	0	0		0.765	0.217	0	0.005	0.012	0	0	0	0
F6122_6_C_1	EARLY	SPRING	1	0	0	0	Feather River Spring	0.001	0.386	0.613	0	0	0	0	0	0
F6122_6_C_10	EARLY	SPRING	1	0	0	0	Feather River Spring	0	0.967	0.031	0.001	0	0	0	0	0
F6122_6_C_11	HETEROZYGOTE	FALL	1	0	0	0		0	0.962	0.002	0.004	0.032	0	0	0	0
F6122_6_C_12	EARLY	SPRING	1	0	0	0	Feather River Spring	0.017	0.908	0.074	0	0.002	0	0	0	0
F6122_6_C_13	EARLY	SPRING	1	0	0	0	Feather River Spring	0.001	0.98	0.018	0	0	0	0	0	0
F6122_6_C_14	EARLY	SPRING	1	0	0	0	Feather River Spring	0	0.983	0.001	0.001	0.015	0	0	0	0
F6122_6_C_15																
F6122_6_C_16	EARLY	SPRING	1	0	0	0	Feather River Spring	0	0.558	0.433	0.009	0	0	0	0	0
F6122_6_C_17	HETEROZYGOTE	FALL	1	0	0	0		0	0.959	0	0.013	0.028	0	0	0	0
F6122_6_C_18	EARLY	SPRING	1	0	0	0	Feather River Spring	0.001	0.939	0.001	0	0.059	0	0	0	0
F6122_6_C_19	HETEROZYGOTE	FALL	1	0	0	0		0	0.954	0.044	0	0.002	0	0	0	0
F6122_6_C_2	EARLY	SPRING	1	0	0	0	Feather River Spring	0	0.003	0.996	0	0	0	0	0	0
F6122_6_C_20	LATE	FALL	1	0	0	0		0.001	0.2	0.793	0.007	0	0	0	0	0
F6122_6_C_3	HETEROZYGOTE	FALL	1	0	0	0		0	0.032	0.967	0	0	0	0	0	0
F6122_6_C_4	HETEROZYGOTE	FALL	1	0	0	0		0.001	0.972	0.027	0	0	0	0	0	0
F6122_6_C_5	EARLY	SPRING	1	0	0	0	Feather River Spring	0.423	0.362	0.006	0.201	0.009	0	0	0	0
F6122_6_C_6	EARLY	SPRING	1	0	0	0	Feather River Spring	0.002	0.032	0.965	0.002	0	0	0	0	0
F6122_6_C_7	EARLY	SPRING	1	0	0	0	Feather River Spring	0.005	0.18	0.815	0	0	0	0	0	0
F6122_6_C_8	EARLY	SPRING	1	0	0	0	Feather River Spring	0.005	0.355	0.636	0	0.004	0	0	0	0
F6122_6_C_9	EARLY	SPRING	0.98	0	0.02	0	Feather River Spring	0	0.969	0.015	0	0	0.015	0	0	0
F6122_7_A_1	LATE	FALL	1	0	0	0		0.007	0.727	0	0	0.266	0	0	0	0
F6122_7_A_10	LATE	FALL	1	0	0	0		0.914	0.068	0.009	0.009	0.001	0	0	0	0
F6122_7_A_11	LATE	FALL	1	0	0	0		0	0.999	0	0	0.001	0	0	0	0
F6122_7_A_12	LATE	FALL	1	0	0	0		0	0.001	0	0.008	0.991	0	0	0	0
F6122_7_A_13	LATE	FALL	1	0	0	0		0.006	0.006	0.027	0.207	0.753	0	0	0	0
F6122_7_A_14	LATE	FALL	1	0	0	0		0.004	0.03	0	0.048	0.917	0	0	0	0
F6122_7_A_15	LATE	FALL	1	0	0	0		0.013	0.488	0.097	0.042	0.361	0	0	0.001	0
F6122_7_A_16	HETEROZYGOTE	FALL	1	0	0	0		0.003	0.867	0.07	0.01	0.049	0	0	0	0
F6122_7_A_17	LATE	FALL	1	0	0	0		0	0.983	0	0.006	0.008	0	0	0.003	0
F6122_7_A_18	LATE	FALL	0.95	0.05	0	0		0.536	0.014	0.001	0.317	0.082	0	0	0.05	0
F6122_7_A_19	LATE	FALL	0.99	0.01	0	0		0.224	0.002	0	0.467	0.292	0	0	0.014	0
F6122_7_A_2	LATE	FALL	1	0	0	0		0	0.046	0	0	0.954	0	0	0	0
F6122_7_A_20	HETEROZYGOTE	FALL	1	0	0	0		0.004	0.993	0.001	0	0	0	0	0.001	0
F6122_7_A_21	LATE	FALL	1	0	0	0		0.072	0.464	0.053	0.006	0.405	0	0	0	0
F6122_7_A_22	LATE	FALL	1	0	0	0		0.005	0.001	0.001	0.012	0.98	0	0	0.001	0
F6122_7_A_23	LATE	FALL	1	0	0	0		0.001	0.998	0	0	0	0	0	0	0
F6122_7_A_24	LATE	FALL	1	0	0	0		0.16	0.267	0	0.566	0.007	0	0	0	0
F6122_7_A_25	LATE	FALL	0.98	0.02	0	0		0.044	0.892	0.005	0	0.042	0	0	0.017	0
F6122_7_A_26	LATE	FALL	1	0	0	0		0.064	0.05	0.018	0.089	0.775	0	0	0.004	0
F6122_7_A_3	LATE	FALL	0.98	0.02	0	0		0.051	0.01	0	0.281	0.634	0	0	0.024	0
F6122_7_A_4	LATE	FALL	1	0	0	0		0.116	0.727	0.001	0.015	0.141	0	0	0	0
F6122_7_A_5	LATE	FALL	1	0	0	0		0.089	0.046	0.151	0.024	0.69	0	0	0	0
F6122_7_A_6	LATE	FALL	0.99	0.01	0	0		0.037	0.085	0.047	0.019	0.807	0	0	0.005	0
F6122_7_A_7	HETEROZYGOTE	FALL	1	0	0	0		0	0.958	0.001	0.023	0.017	0	0	0	0
F6122_7_A_8	LATE	FALL	1	0	0	0		0.003	0.042	0	0.951	0.004	0	0	0	0
F6122_7_A_9	LATE	FALL	1	0	0	0		0.001	0.001	0	0.001	0.996	0	0	0	0
F6122_7_B_1	LATE	FALL	1	0	0	0		0	0.002	0	0.914	0.084	0	0	0	0
F6122_7_B_10	LATE	FALL	1	0	0	0		0.001	0.962	0.001	0.004	0.032	0	0.001	0	0
F6122_7_B_11	LATE	FALL	0.69	0.31	0	0		0.003	0.033	0	0.247	0.408	0	0	0.308	0
F6122_7_B_12	LATE	FALL	1	0	0	0		0	0.991	0.002	0.007	0	0	0	0	0
F6122_7_B_13	HETEROZYGOTE	FALL	1	0	0	0		0.004	0.965	0.005	0.014	0.012	0	0	0	0
F6122_7_B_14	LATE	FALL	1	0	0	0		0.011	0.965	0.011	0.001	0.013	0	0	0	0
F6122_7_B_15	HETEROZYGOTE	FALL	1	0	0	0		0.125	0.509	0.001	0.096	0.269	0	0	0	0
F6122_7_B_16	HETEROZYGOTE	FALL	1	0	0	0		0.011	0.067	0.127	0.728	0.065	0	0	0.003	0
F6122_7_B_17	HETEROZYGOTE	FALL	1	0	0	0		0	0.983	0.011	0.003	0.003	0	0	0	0
F6122_7_B_18	EARLY	SPRING	1	0	0	0	Feather River Spring	0	0.988	0.006	0.005	0	0	0	0.001	0
F6122_7_B_19	HETEROZYGOTE	FALL	1	0	0	0		0.004	0.993	0.001	0	0.003	0	0	0	0
F6122_7_B_2	LATE	FALL	1	0	0	0		0	0.454	0	0.513	0.033	0	0	0	0
F6122_7_B_20	LATE	FALL	1	0	0	0		0	0	0	0.006	0.993	0	0	0	0
F6122_7_B_21	LATE	FALL	1	0	0	0		0	0.496	0.002	0.001	0.501	0	0	0	0
F6122_7_B_22	HETEROZYGOTE	FALL	1	0	0	0		0.003	0.148	0.849	0	0	0	0	0	0
F6122_7_B_23	HETEROZYGOTE	FALL	1	0	0	0		0.238	0.01	0	0.254	0.497	0	0	0	0
F6122_7_B_24	LATE	FALL	1	0	0	0		0.004	0.733	0.001	0.144	0.118	0	0	0	0
F6122_7_B_25	HETEROZYGOTE	FALL	1	0	0	0		0.002	0.882	0.038	0.002	0.076	0	0	0	0
F6122_7_B_26	LATE	FALL	1	0	0	0		0.004	0.077	0	0.016	0.903	0	0	0	0
F6122_7_B_27	EARLY	SPRING	1	0	0	0	Feather River Spring	0	0.146	0.001	0.018	0.834	0	0	0	0
F6122_7_B_28	LATE	FALL	1	0	0	0		0	0.88	0	0.116	0.004	0	0	0	0
F6122_7_B_29	EARLY	SPRING	1	0	0	0	Feather River Spring	0.001	0.288	0.642	0.067	0.002	0	0	0	0
F6122_7_B_3	LATE	FALL	1	0	0	0		0	0.052	0.001	0.001	0.945	0	0	0.001	0
F6122_7_B_30	HETEROZYGOTE	FALL	1	0	0	0		0.244	0.736	0.019	0	0	0	0	0.001	0
F6122_7_B_31	EARLY	SPRING	1	0	0	0	Feather River Spring	0.01	0.959	0.017	0.003	0.011	0	0	0	0
F6122_7_B_32	LATE	FALL	1	0	0	0		0.14	0.841	0.013	0.003	0.002	0	0	0	0
F6122_7_B_33	EARLY	SPRING	1	0	0	0	Feather River Spring	0	0.001	0.999	0	0	0	0	0	0
F6122_7_B_34	HETEROZYGOTE	FALL	1	0	0	0		0	0.823	0.004	0.001	0.172	0	0	0	0
F6122_7_B_35	LATE	FALL	1	0	0	0		0.024	0.798	0.039	0.035	0.104	0	0	0	0
F6122_7_B_36	HETEROZYGOTE	FALL	1	0	0	0		0.001	0.995	0.001	0.001	0.001	0	0	0	0
F6122_7_B_37	HETEROZYGOTE	FALL	0.98	0.02	0	0		0.11	0.348	0.002	0.466	0.05	0	0	0.023	0
F6122_7_B_38	LATE	FALL	1	0	0	0		0.038	0.49	0	0.468	0.004	0	0	0	0
F6122_7_B_39	HETEROZYGOTE	FALL	1	0	0	0		0	0.775	0	0.034	0.19	0	0	0	0
F6122_7_B_4	HETEROZYGOTE	FALL	1	0	0	0		0.425	0.143	0	0.002	0.43	0	0	0	0
F6122_7_B_40	HETEROZYGOTE	FALL	1	0	0	0		0	0.087	0.064	0.847	0.001	0	0	0	0
F6122_7_B_41	HETEROZYGOTE	FALL	1	0	0	0		0.028	0.013	0	0.937	0.023	0	0	0	0
F6122_7_B_42	LATE	FALL	1	0	0	0		0.013	0.964	0	0.018	0.004	0	0	0	0
F6122_7_B_43	HETEROZYGOTE	FALL	1	0	0	0		0	0.257	0.001	0.726	0.015	0	0	0	0
F6122_7_B_44	LATE	FALL	0.99	0.01	0	0		0.28	0.258	0	0.018	0.437	0	0	0.006	0
F6122_7_B_45	HETEROZYGOTE	FALL	1	0	0	0		0.001	0.495	0.003	0.442	0.059	0	0	0	0
F6122_7_B_46	HETEROZYGOTE	FALL	1	0	0	0		0.017	0.906	0.043	0.003	0.03	0	0	0	0
F6122_7_B_47	LATE	FALL	1	0	0	0		0	0.21	0	0.013	0.776	0	0	0	0
F6122_7_B_48	LATE	FALL	1	0	0	0		0.006	0.994	0.001	0	0	0	0	0	0
F6122_7_B_49	LATE	FALL	1	0	0	0		0	0.973	0.002	0.003	0.022	0	0	0	0
F6122_7_B_5	LATE	FALL	1	0	0	0		0	0.002	0	0.002	0.996	0	0	0	0
F6122_7_B_50	LATE	FALL	1	0	0	0		0.002	0.957	0	0.02	0.02	0	0	0	0
F6122_7_B_6	HETEROZYGOTE	FALL	1	0	0	0		0.009	0.34	0.492	0.001	0.158	0	0	0	0
F6122_7_B_7	LATE	FALL	1	0	0	0		0.005	0.125	0	0.078	0.791	0	0	0	0
F6122_7_B_8	LATE	FALL	1	0	0	0		0	0.989	0.011	0	0	0	0	0	0
F6122_7_B_9	HETEROZYGOTE	FALL	1	0	0	0		0	1	0	0	0	0	0	0	0
F6122_7_C_1	LATE	FALL	1	0	0	0		0	0.974	0	0.025	0	0	0	0	0
F6122_7_C_10	HETEROZYGOTE	FALL	1	0	0	0		0	0.993	0.007	0	0	0	0	0	0
F6122_7_C_11	EARLY	SPRING	1	0	0	0	Feather River Spring	0	0.495	0.505	0	0	0	0	0	0
F6122_7_C_12	EARLY	SPRING	1	0	0	0	Feather River Spring	0.002	0.428	0.569	0	0.001	0	0	0	0
F6122_7_C_13	EARLY	SPRING	1	0	0	0	Feather River Spring	0	0.005	0.994	0.001	0	0	0	0	0
F6122_7_C_14	EARLY	SPRING	1	0	0	0	Feather River Spring	0	0.004	0.996	0	0	0	0	0	0
F6122_7_C_15	EARLY	SPRING	1	0	0	0	Feather River Spring	0	0.256	0.742	0	0	0	0.002	0	0
F6122_7_C_16	HETEROZYGOTE	FALL	1	0	0	0		0.001	0.448	0.525	0.001	0.025	0	0.001	0	0
F6122_7_C_17	HETEROZYGOTE	FALL	0.99	0.01	0	0		0.402	0.07	0.001	0.224	0.292	0	0	0.011	0
F6122_7_C_18	EARLY	SPRING	1	0	0	0	Feather River Spring	0	0.009	0.985	0.002	0.004	0	0	0	0
F6122_7_C_19	EARLY	SPRING	1	0	0	0	Feather River Spring	0	0	1	0	0	0	0	0	0
F6122_7_C_2	LATE	FALL	1	0	0	0		0.001	0.946	0	0.042	0.011	0	0	0	0
F6122_7_C_20	HETEROZYGOTE	FALL	1	0	0	0		0	0.999	0.001	0	0	0	0	0	0
F6122_7_C_21	EARLY	SPRING	1	0	0	0	Feather River Spring	0	0.098	0.824	0.077	0.001	0	0	0	0
F6122_7_C_22	EARLY	SPRING	1	0	0	0	Feather River Spring	0	0.984	0.004	0.002	0.011	0	0	0	0
F6122_7_C_23	EARLY	SPRING	1	0	0	0	Feather River Spring	0	0.652	0	0.011	0.337	0	0	0	0
F6122_7_C_24	EARLY	SPRING	1	0	0	0	Feather River Spring	0	0.017	0.983	0	0	0	0	0	0
F6122_7_C_25	EARLY	SPRING	1	0	0	0	Feather River Spring	0.002	0.97	0.004	0.016	0.007	0	0	0	0
F6122_7_C_26	EARLY	SPRING	1	0	0	0	Feather River Spring	0	0.983	0.016	0.001	0	0	0	0	0
F6122_7_C_27	EARLY	SPRING	1	0	0	0	Feather River Spring	0	0.304	0.696	0	0	0	0	0	0
F6122_7_C_28	EARLY	SPRING	1	0	0	0	Feather River Spring	0.001	0.929	0.059	0	0.011	0	0	0	0
F6122_7_C_29	HETEROZYGOTE	FALL	1	0	0	0		0.004	0.884	0.031	0.074	0.007	0	0	0	0
F6122_7_C_3	EARLY	SPRING	1	0	0	0	Feather River Spring	0.006	0.971	0.014	0	0.009	0	0	0	0
F6122_7_C_30	EARLY	SPRING	1	0	0	0	Feather River Spring	0	0.55	0.446	0	0.004	0	0	0	0
F6122_7_C_31	EARLY	SPRING	1	0	0	0	Feather River Spring	0	0.983	0.003	0.001	0.013	0	0	0	0
F6122_7_C_32	EARLY	SPRING	1	0	0	0	Feather River Spring	0.007	0.026	0.007	0.775	0.185	0	0	0	0
F6122_7_C_33	EARLY	SPRING	1	0	0	0	Feather River Spring	0.003	0.092	0.903	0	0.002	0	0	0	0
F6122_7_C_34	EARLY	SPRING	1	0	0	0	Feather River Spring	0	0.415	0.585	0	0	0	0	0	0
F6122_7_C_35	HETEROZYGOTE	FALL	1	0	0	0		0.003	0.919	0.034	0.043	0.001	0	0	0	0
F6122_7_C_36	LATE	FALL	1	0	0	0		0.67	0.297	0.018	0.001	0.014	0	0	0	0
F6122_7_C_37	EARLY	SPRING	1	0	0	0	Feather River Spring	0	0.954	0.043	0	0.002	0	0	0	0
F6122_7_C_38	LATE	FALL	1	0	0	0		0	0.934	0	0	0.065	0	0	0	0
F6122_7_C_39	EARLY	SPRING	0.96	0.04	0	0	Feather River Spring	0.01	0.702	0.212	0.027	0.006	0	0	0.044	0
F6122_7_C_4	EARLY	SPRING	1	0	0	0	Feather River Spring	0	0.099	0.901	0	0	0	0	0	0
F6122_7_C_40	EARLY	SPRING	1	0	0	0	Feather River Spring	0	0.986	0.013	0	0.001	0	0	0	0
F6122_7_C_41	HETEROZYGOTE	FALL	1	0	0	0		0	0.387	0.608	0.005	0	0	0	0	0
F6122_7_C_42	EARLY	SPRING	1	0	0	0	Feather River Spring	0	0.994	0.006	0	0	0	0	0	0
F6122_7_C_43	HETEROZYGOTE	FALL	1	0	0	0		0.003	0.358	0.044	0.001	0.595	0	0	0	0
F6122_7_C_44	LATE	FALL	1	0	0	0		0	0.999	0	0	0	0	0	0	0
F6122_7_C_45	HETEROZYGOTE	FALL	1	0	0	0		0	0.998	0	0	0.001	0	0	0	0
F6122_7_C_46	HETEROZYGOTE	FALL	1	0	0	0		0.001	0.828	0.17	0	0	0	0	0.001	0
F6122_7_C_47	LATE	FALL	1	0	0	0		0	0.994	0.001	0.005	0	0	0	0	0
F6122_7_C_48	LATE	FALL	1	0	0	0		0	0.15	0.034	0.477	0.339	0	0	0	0
F6122_7_C_49	HETEROZYGOTE	FALL	1	0	0	0		0	0.999	0	0	0	0	0	0	0
F6122_7_C_5	EARLY	SPRING	1	0	0	0	Feather River Spring	0	0.975	0.025	0	0	0	0	0	0
F6122_7_C_50																
F6122_7_C_6	EARLY	SPRING	1	0	0	0	Feather River Spring	0	0.788	0.187	0	0.025	0	0	0	0
F6122_7_C_7	HETEROZYGOTE	FALL	1	0	0	0		0.005	0.001	0	0.968	0.026	0	0	0	0
F6122_7_C_8	LATE	FALL	1	0	0	0		0.098	0.897	0	0.004	0.001	0	0	0	0
F6122_7_C_9	EARLY	SPRING	1	0	0	0	Feather River Spring	0.016	0.957	0.023	0	0.001	0	0	0.002	0
F6122_7_D_1																
F6122_7_D_2																
F6122_7_D_3																
F6122_7_D_4	LATE	FALL	1	0	0	0		0	0.767	0	0.015	0.217	0	0	0	0
F6122_7_D_5	LATE	FALL	1	0	0	0		0.016	0.1	0	0.033	0.85	0	0	0	0
F6122_8_A_1	LATE	FALL	1	0	0	0		0	0.326	0.003	0.009	0.661	0	0	0	0
F6122_8_A_10	HETEROZYGOTE	FALL	1	0	0	0		0	0.917	0.082	0	0.001	0	0	0	0
F6122_8_A_11	HETEROZYGOTE	FALL	1	0	0	0		0	0.967	0	0.031	0.002	0	0	0	0
F6122_8_A_12	LATE	FALL	1	0	0	0		0	0.944	0.004	0.049	0.003	0	0	0	0
F6122_8_A_13	LATE	FALL	0.94	0.06	0	0		0	0.111	0.017	0.105	0.711	0	0	0.056	0
F6122_8_A_14	HETEROZYGOTE	FALL	1	0	0	0		0.019	0.955	0.007	0.015	0.005	0	0	0	0
F6122_8_A_15	LATE	FALL	1	0	0	0		0.002	0.031	0.002	0.103	0.86	0	0	0.002	0
F6122_8_A_2	HETEROZYGOTE	FALL	1	0	0	0		0.037	0.185	0	0.233	0.545	0	0	0	0
F6122_8_A_3	LATE	FALL	1	0	0	0		0.002	0.986	0.002	0.001	0.008	0	0	0	0
F6122_8_A_4	LATE	FALL	1	0	0	0		0	0.956	0.041	0.002	0	0	0	0	0
F6122_8_A_5	EARLY	SPRING	1	0	0	0	Feather River Spring	0	0.185	0.747	0.007	0.06	0	0	0	0
F6122_8_A_6	HETEROZYGOTE	FALL	1	0	0	0		0	0.999	0.001	0	0	0	0	0	0
F6122_8_A_7	LATE	FALL	1	0	0	0		0.003	0.97	0.01	0	0.017	0	0	0	0
F6122_8_A_8	LATE	FALL	1	0	0	0		0.024	0.179	0.002	0.028	0.767	0	0	0.001	0
F6122_8_A_9	EARLY	SPRING	1	0	0	0	Feather River Spring	0.363	0.631	0.001	0.003	0.002	0	0	0	0
F6122_8_B_1	HETEROZYGOTE	FALL	1	0	0	0		0	0.761	0.237	0	0.002	0	0	0	0
F6122_8_B_10	HETEROZYGOTE	FALL	1	0	0	0		0.004	0.238	0.002	0.405	0.35	0	0	0	0
F6122_8_B_11	LATE	FALL	1	0	0	0		0.005	0.949	0.001	0.014	0.03	0	0	0	0
F6122_8_B_12	LATE	FALL	1	0	0	0		0.001	0.067	0.001	0.006	0.925	0	0	0	0
F6122_8_B_13	LATE	FALL	1	0	0	0		0.014	0.49	0.101	0.002	0.389	0	0	0.005	0
F6122_8_B_14	LATE	FALL	1	0	0	0		0.016	0.004	0	0.021	0.955	0	0	0.004	0
F6122_8_B_15	LATE	FALL	1	0	0	0		0	0.063	0	0.905	0.032	0	0	0	0
F6122_8_B_16	LATE	FALL	1	0	0	0		0	0.955	0.045	0	0	0	0	0	0
F6122_8_B_17	LATE	FALL	1	0	0	0		0.593	0.002	0	0.004	0.398	0	0	0.003	0
F6122_8_B_18	HETEROZYGOTE	FALL	1	0	0	0		0.008	0.922	0.001	0.049	0.02	0	0	0	0
F6122_8_B_19	LATE	FALL	1	0	0	0		0	0.865	0.084	0.035	0.016	0	0	0	0
F6122_8_B_2	HETEROZYGOTE	FALL	1	0	0	0		0	0.755	0.002	0.175	0.068	0	0	0	0
F6122_8_B_20	HETEROZYGOTE	FALL	1	0	0	0		0.603	0.374	0.003	0.015	0.005	0	0	0	0
F6122_8_B_21	LATE	FALL	1	0	0	0		0.032	0.315	0.644	0.005	0.004	0	0	0	0
F6122_8_B_22	LATE	FALL	1	0	0	0		0.004	0.006	0	0.007	0.984	0	0	0	0
F6122_8_B_23	LATE	FALL	1	0	0	0		0	0.054	0.129	0.006	0.811	0	0	0	0
F6122_8_B_24	LATE	FALL	1	0	0	0		0.001	0.29	0.112	0.144	0.453	0	0	0	0
F6122_8_B_25	LATE	FALL	1	0	0	0		0.022	0.963	0.002	0.003	0.01	0	0	0	0
F6122_8_B_26	LATE	FALL	1	0	0	0		0.002	0.977	0.019	0.002	0	0	0	0	0
F6122_8_B_27	LATE	FALL	1	0	0	0		0	0.846	0.001	0.001	0.152	0	0	0	0
F6122_8_B_28	LATE	FALL	1	0	0	0		0.534	0.062	0.002	0.02	0.381	0	0	0	0
F6122_8_B_29	EARLY	SPRING	1	0	0	0	Feather River Spring	0	0.548	0.452	0	0	0	0	0	0
F6122_8_B_3	LATE	FALL	1	0	0	0		0	0.928	0.001	0.07	0	0	0	0	0
F6122_8_B_30	LATE	FALL	1	0	0	0		0.004	0.988	0	0.004	0.004	0	0	0	0
F6122_8_B_31																
F6122_8_B_32	LATE	FALL	1	0	0	0		0.001	0	0	0	0.998	0	0	0	0
F6122_8_B_33	LATE	FALL	1	0	0	0		0.003	0.952	0.01	0.003	0.031	0	0	0.001	0
F6122_8_B_34	LATE	FALL	1	0	0	0		0	0.47	0.001	0.528	0	0	0	0	0
F6122_8_B_35	LATE	FALL	1	0	0	0		0.815	0.169	0.001	0.006	0.008	0	0	0	0
F6122_8_B_36	LATE	FALL	1	0	0	0		0.377	0.03	0.013	0.022	0.558	0	0	0	0
F6122_8_B_37	LATE	FALL	1	0	0	0		0.001	0.987	0.012	0	0	0	0	0	0
F6122_8_B_38	LATE	FALL	1	0	0	0		0.004	0.983	0.005	0	0.008	0	0	0	0
F6122_8_B_39	HETEROZYGOTE	FALL	1	0	0	0		0.003	0.211	0.396	0.106	0.285	0	0	0	0
F6122_8_B_4	HETEROZYGOTE	FALL	1	0	0	0		0.111	0.122	0.76	0.006	0.001	0	0	0	0
F6122_8_B_40	HETEROZYGOTE	FALL	1	0	0	0		0.001	0.904	0.011	0.034	0.051	0	0	0	0
F6122_8_B_41	LATE	FALL	1	0	0	0		0.004	0	0	0.017	0.979	0	0	0	0
F6122_8_B_42	LATE	FALL	1	0	0	0		0	0.955	0	0.003	0.041	0	0	0	0
F6122_8_B_43	LATE	FALL	1	0	0	0		0.003	0.217	0	0.155	0.625	0	0	0	0
F6122_8_B_44	HETEROZYGOTE	FALL	1	0	0	0		0.001	0.297	0.699	0	0.003	0	0	0	0
F6122_8_B_45	LATE	FALL	1	0	0	0		0.018	0.894	0.004	0.007	0.077	0	0	0	0
F6122_8_B_46																
F6122_8_B_47	HETEROZYGOTE	FALL	0.99	0.01	0	0		0.012	0.789	0.171	0.001	0.022	0	0	0.005	0
F6122_8_B_48	LATE	FALL	1	0	0	0		0.03	0.311	0	0.014	0.645	0	0	0	0
F6122_8_B_49	LATE	FALL	1	0	0	0		0.003	0.004	0.005	0.008	0.979	0	0	0	0
F6122_8_B_5	LATE	FALL	0.89	0.11	0	0		0.323	0.419	0.041	0.106	0.005	0	0	0.105	0
F6122_8_B_50	HETEROZYGOTE	FALL	1	0	0	0		0	0.976	0.022	0.001	0.001	0	0	0	0
F6122_8_B_6	LATE	FALL	1	0	0	0		0.003	0.146	0	0.014	0.837	0	0	0	0
F6122_8_B_7	HETEROZYGOTE	FALL	1	0	0	0		0.411	0.525	0.002	0	0.062	0	0	0	0
F6122_8_B_8	LATE	FALL	1	0	0	0		0	0.17	0.001	0.805	0.023	0	0	0.001	0
F6122_8_B_9	LATE	FALL	1	0	0	0		0.17	0.103	0.014	0.522	0.191	0	0	0	0
F6122_8_C_1	EARLY	SPRING	1	0	0	0	Feather River Spring	0.093	0.421	0.032	0.017	0.437	0	0	0	0
F6122_8_C_10	HETEROZYGOTE	FALL	1	0	0	0		0.002	0.985	0.002	0.007	0.005	0	0	0	0
F6122_8_C_11	LATE	FALL	1	0	0	0		0.145	0.049	0	0.134	0.673	0	0	0	0
F6122_8_C_12	LATE	FALL	1	0	0	0		0	0.004	0	0	0.996	0	0	0	0
F6122_8_C_13	LATE	FALL	1	0	0	0		0.183	0.064	0	0.656	0.098	0	0	0	0
F6122_8_C_14	LATE	FALL	1	0	0	0		0.003	0.003	0	0.001	0.99	0	0	0.003	0
F6122_8_C_15	LATE	FALL	1	0	0	0		0.004	0	0	0.006	0.989	0	0	0	0
F6122_8_C_16	LATE	FALL	1	0	0	0		0.003	0.002	0	0.042	0.951	0	0	0.002	0
F6122_8_C_17	LATE	FALL	1	0	0	0		0	0.656	0	0.014	0.33	0	0	0	0
F6122_8_C_18	HETEROZYGOTE	FALL	1	0	0	0		0.253	0.693	0.001	0.009	0.044	0	0	0	0
F6122_8_C_19	LATE	FALL	1	0	0	0		0.024	0.773	0.042	0.059	0.102	0	0	0	0
F6122_8_C_2	LATE	FALL	1	0	0	0		0.001	0.868	0	0	0.13	0	0	0	0
F6122_8_C_20	EARLY	SPRING	1	0	0	0	Feather River Spring	0.017	0.856	0.122	0.004	0.001	0	0	0	0
F6122_8_C_21	EARLY	SPRING	1	0	0	0	Feather River Spring	0.001	0.921	0.039	0	0.04	0	0	0	0
F6122_8_C_22	HETEROZYGOTE	FALL	1	0	0	0		0	0.981	0	0	0.019	0	0	0	0
F6122_8_C_23	EARLY	SPRING	1	0	0	0	Feather River Spring	0.159	0.322	0.024	0.485	0.01	0	0	0	0
F6122_8_C_24	LATE	FALL	1	0	0	0		0.065	0.607	0	0.321	0.006	0	0	0	0
F6122_8_C_25																
F6122_8_C_26	HETEROZYGOTE	FALL	1	0	0	0		0	0.57	0	0.029	0.401	0	0	0	0
F6122_8_C_27	LATE	FALL	1	0	0	0		0.176	0.788	0	0.015	0.02	0	0	0	0
F6122_8_C_28	EARLY	SPRING	1	0	0	0	Feather River Spring	0.001	0.651	0.259	0.08	0.008	0	0	0	0
F6122_8_C_29	LATE	FALL	0.99	0.01	0	0		0.005	0.369	0.029	0.093	0.496	0	0	0.008	0
F6122_8_C_3	LATE	FALL	1	0	0	0		0.215	0	0	0	0.785	0	0	0	0
F6122_8_C_30	EARLY	SPRING	1	0	0	0	Feather River Spring	0	0.47	0.386	0.079	0.064	0.001	0	0	0
F6122_8_C_31	HETEROZYGOTE	FALL	1	0	0	0		0	0.987	0.001	0.004	0.009	0	0	0	0
F6122_8_C_32	EARLY	SPRING	1	0	0	0	Feather River Spring	0	0.063	0.932	0.001	0.004	0	0	0	0
F6122_8_C_33	EARLY	SPRING	0.89	0.11	0	0	Feather River Spring	0	0.379	0.482	0.002	0.026	0	0	0.112	0
F6122_8_C_34	LATE	FALL	1	0	0	0		0.011	0.973	0	0.005	0.011	0	0	0	0
F6122_8_C_35	HETEROZYGOTE	FALL	1	0	0	0		0.001	0.958	0.034	0.001	0.005	0	0	0	0
F6122_8_C_36	LATE	FALL	1	0	0	0		0.003	0.975	0.005	0.002	0.015	0	0	0	0
F6122_8_C_37	LATE	FALL	1	0	0	0		0.01	0.001	0	0.031	0.958	0	0	0	0
F6122_8_C_38	HETEROZYGOTE	FALL	1	0	0	0		0.285	0.667	0.003	0.002	0.044	0	0	0	0
F6122_8_C_39	HETEROZYGOTE	FALL	1	0	0	0		0	0.787	0.038	0.174	0	0	0	0	0
F6122_8_C_4	LATE	FALL	1	0	0	0		0.003	0.871	0.126	0	0	0	0	0	0
F6122_8_C_40	LATE	FALL	1	0	0	0		0.001	0.296	0.049	0.638	0.015	0	0	0	0
F6122_8_C_41	EARLY	SPRING	1	0	0	0	Feather River Spring	0	0.025	0.975	0	0	0	0	0	0
F6122_8_C_42	EARLY	SPRING	1	0	0	0	Feather River Spring	0.001	0.008	0.988	0	0.004	0	0	0	0
F6122_8_C_43	EARLY	SPRING	1	0	0	0	Feather River Spring	0	0.993	0.005	0.002	0	0	0	0	0
F6122_8_C_44	HETEROZYGOTE	FALL	1	0	0	0		0.002	0.699	0.278	0.002	0.019	0	0	0	0
F6122_8_C_45	LATE	FALL	1	0	0	0		0.011	0.172	0.004	0.064	0.749	0	0	0	0
F6122_8_C_46	LATE	FALL	1	0	0	0		0.001	0.917	0.074	0.001	0.007	0	0	0	0
F6122_8_C_47	LATE	FALL	1	0	0	0		0	0.912	0.066	0.021	0.001	0	0	0	0
F6122_8_C_48	LATE	FALL	1	0	0	0		0.368	0.603	0	0.02	0.009	0	0	0	0
F6122_8_C_49	HETEROZYGOTE	FALL	1	0	0	0		0.02	0.886	0.001	0.001	0.09	0	0	0.002	0
F6122_8_C_5	LATE	FALL	1	0	0	0		0.001	0.275	0	0.098	0.626	0	0	0	0
F6122_8_C_50	HETEROZYGOTE	FALL	1	0	0	0		0.001	0.268	0.007	0.702	0.021	0	0	0	0
F6122_8_C_6	LATE	FALL	1	0	0	0		0.005	0	0	0.002	0.993	0	0	0	0
F6122_8_C_7	LATE	FALL	0.99	0.01	0	0		0.025	0.017	0.002	0.002	0.946	0	0	0.008	0
F6122_8_C_8	LATE	FALL	1	0	0	0		0.01	0.5	0	0.178	0.312	0	0	0	0
F6122_8_C_9	LATE	FALL	1	0	0	0		0	0.994	0.001	0.004	0.001	0	0	0	0
F6122_8_D_1	EARLY	SPRING	1	0	0	0	Feather River Spring	0	0.986	0.012	0.001	0.001	0	0	0	0
F6122_8_D_10	HETEROZYGOTE	FALL	1	0	0	0		0.035	0.204	0	0.665	0.096	0	0	0	0
F6122_8_D_11	LATE	FALL	1	0	0	0		0	0.102	0.824	0	0.073	0	0	0	0
F6122_8_D_12	EARLY	SPRING	1	0	0	0	Feather River Spring	0	0.994	0.004	0	0.002	0	0	0	0
F6122_8_D_13	EARLY	SPRING	1	0	0	0	Feather River Spring	0.002	0.57	0.107	0.001	0.32	0	0	0	0
F6122_8_D_14	HETEROZYGOTE	FALL	1	0	0	0		0.132	0.015	0	0.024	0.829	0	0	0	0
F6122_8_D_15	HETEROZYGOTE	FALL	1	0	0	0		0	0.01	0.99	0	0	0	0	0	0
F6122_8_D_2	HETEROZYGOTE	FALL	1	0	0	0		0.002	0.139	0.859	0	0	0	0	0	0
F6122_8_D_3	EARLY	SPRING	1	0	0	0	Feather River Spring	0	0.063	0.936	0.001	0.001	0	0	0	0
F6122_8_D_4	EARLY	SPRING	1	0	0	0	Feather River Spring	0	0.986	0.014	0	0	0	0	0	0
F6122_8_D_5	EARLY	SPRING	1	0	0	0	Feather River Spring	0.01	0.424	0.281	0.016	0.266	0	0	0.003	0
F6122_8_D_6	LATE	FALL	1	0	0	0		0.017	0.83	0.146	0.007	0	0	0	0	0
F6122_8_D_7	HETEROZYGOTE	FALL	1	0	0	0		0.002	0.112	0.886	0	0	0	0	0	0
F6122_8_D_8	EARLY	SPRING	1	0	0	0	Feather River Spring	0	0	0.995	0	0.005	0	0	0	0
F6122_8_D_9	HETEROZYGOTE	FALL	1	0	0	0		0	0.051	0	0.8	0.149	0	0	0	0
F6122_9_A_1	LATE	FALL	0.98	0.02	0	0		0.452	0.014	0.141	0.001	0.375	0	0	0.018	0
F6122_9_B_1	LATE	FALL	1	0	0	0		0.007	0.861	0.13	0	0.001	0	0	0	0
F6122_9_B_10	LATE	FALL	1	0	0	0		0.735	0.038	0	0.216	0.011	0	0	0	0
F6122_9_B_11																
F6122_9_B_12																
F6122_9_B_13	LATE	FALL	1	0	0	0		0.046	0.534	0.003	0.376	0.04	0	0	0	0
F6122_9_B_14	LATE	FALL	1	0	0	0		0.196	0.475	0.001	0.001	0.327	0	0	0.001	0
F6122_9_B_15	LATE	FALL	1	0	0	0		0	0.112	0.003	0.052	0.832	0	0	0	0
F6122_9_B_16	LATE	FALL	0.99	0.01	0	0		0.006	0.006	0	0.114	0.86	0	0	0.013	0
F6122_9_B_17	LATE	FALL	1	0	0	0		0	0.031	0	0.947	0.022	0	0	0	0
F6122_9_B_18	LATE	FALL	1	0	0	0		0.05	0.058	0.002	0.031	0.859	0	0	0.001	0
F6122_9_B_19																
F6122_9_B_2	LATE	FALL	0.99	0.01	0	0		0.015	0.247	0.075	0.168	0.484	0	0	0.012	0
F6122_9_B_20																
F6122_9_B_21	LATE	FALL	1	0	0	0		0.029	0.144	0	0.51	0.317	0	0	0	0
F6122_9_B_22	LATE	FALL	1	0	0	0		0.01	0.013	0	0.922	0.051	0	0	0.004	0
F6122_9_B_23	LATE	FALL	1	0	0	0		0.025	0.537	0.018	0.036	0.381	0	0	0.004	0
F6122_9_B_24	HETEROZYGOTE	FALL	1	0	0	0		0	0.09	0.002	0.907	0	0	0	0	0
F6122_9_B_25	LATE	FALL	0.99	0.01	0	0		0.001	0.023	0	0.002	0.967	0	0	0.007	0
F6122_9_B_26	LATE	FALL	1	0	0	0		0.002	0.096	0.04	0.003	0.86	0	0	0	0
F6122_9_B_27																
F6122_9_B_28																
F6122_9_B_29	LATE	FALL	1	0	0	0		0.002	0.003	0	0.002	0.994	0	0	0	0
F6122_9_B_3																
F6122_9_B_30	LATE	FALL	1	0	0	0		0	0.967	0.03	0.002	0	0	0	0	0
F6122_9_B_31	LATE	FALL	1	0	0	0		0	0.334	0.003	0.162	0.501	0	0	0	0
F6122_9_B_32	LATE	FALL	1	0	0	0		0.005	0.791	0.001	0.182	0.019	0	0	0.001	0
F6122_9_B_33	LATE	FALL	1	0	0	0		0.003	0.086	0	0.316	0.596	0	0	0	0
F6122_9_B_34	LATE	FALL	1	0	0	0		0	0.845	0	0.133	0.022	0	0	0	0
F6122_9_B_35	LATE	FALL	1	0	0	0		0.064	0.829	0	0.008	0.099	0	0	0	0
F6122_9_B_36	LATE	FALL	1	0	0	0		0.006	0.847	0	0.138	0.009	0	0	0	0
F6122_9_B_37	LATE	FALL	1	0	0	0		0.216	0.196	0.04	0	0.547	0	0	0	0
F6122_9_B_38	LATE	FALL	1	0	0	0		0.003	0.025	0	0.002	0.97	0	0	0	0
F6122_9_B_39	LATE	FALL	1	0	0	0		0.68	0.018	0	0.161	0.141	0	0	0	0
F6122_9_B_4																
F6122_9_B_40	LATE	FALL	0.99	0.01	0	0		0.008	0.437	0	0.39	0.159	0	0	0.006	0
F6122_9_B_41	LATE	FALL	0.98	0.02	0	0		0.001	0.279	0.005	0.05	0.642	0	0	0.023	0
F6122_9_B_42	LATE	FALL	0.94	0.06	0	0		0.009	0.233	0.002	0.001	0.698	0	0	0.057	0
F6122_9_B_43																
F6122_9_B_44																
F6122_9_B_45	LATE	FALL	1	0	0	0		0.014	0.295	0	0.057	0.634	0	0	0	0
F6122_9_B_5	LATE	FALL	1	0	0	0		0.014	0.488	0.081	0.415	0.002	0	0	0	0
F6122_9_B_6	LATE	FALL	1	0	0	0		0	0.005	0	0.005	0.989	0	0	0	0
F6122_9_B_7	LATE	FALL	1	0	0	0		0	0.978	0.006	0	0.016	0	0	0	0
F6122_9_B_8	LATE	LATEFALL	0.13	0.87	0	0		0.107	0.011	0.001	0.001	0.007	0	0	0.873	0
F6122_9_B_9	LATE	FALL	1	0	0	0		0.001	0.302	0.001	0.518	0.178	0	0	0.001	0
F6122_9_C_1	LATE	FALL	1	0	0	0		0.004	0.038	0.957	0	0.002	0	0	0	0
F6122_9_C_10	LATE	FALL	1	0	0	0		0.199	0.046	0	0.118	0.637	0	0	0	0
F6122_9_C_11	LATE	FALL	1	0	0	0		0.226	0.761	0.01	0	0.001	0	0	0.001	0
F6122_9_C_12	LATE	FALL	1	0	0	0		0	0.938	0.024	0.035	0.003	0	0	0	0
F6122_9_C_13	HETEROZYGOTE	FALL	1	0	0	0		0.686	0.178	0.003	0.059	0.075	0	0	0	0
F6122_9_C_14	LATE	FALL	1	0	0	0		0	0.998	0.002	0	0	0	0	0	0
F6122_9_C_15	LATE	FALL	1	0	0	0		0.001	0.05	0	0.007	0.941	0	0	0	0
F6122_9_C_16	EARLY	SPRING	1	0	0	0	Feather River Spring	0.003	0.951	0.046	0	0	0	0	0	0
F6122_9_C_17	LATE	FALL	1	0	0	0		0.001	0.998	0	0	0.002	0	0	0	0
F6122_9_C_18	LATE	FALL	1	0	0	0		0	0.597	0.004	0.306	0.093	0	0	0	0
F6122_9_C_19	HETEROZYGOTE	FALL	1	0	0	0		0.051	0.335	0	0.596	0.018	0	0	0	0
F6122_9_C_2	LATE	FALL	1	0	0	0		0.003	0.879	0.025	0.042	0.051	0	0	0	0
F6122_9_C_20	LATE	FALL	1	0	0	0		0.021	0.153	0.346	0.04	0.441	0	0	0	0
F6122_9_C_21	LATE	FALL	1	0	0	0		0.251	0.718	0.026	0.001	0.005	0	0	0	0
F6122_9_C_22	HETEROZYGOTE	LATEFALL	0.45	0.55	0	0		0.007	0.001	0.001	0	0.438	0	0	0.553	0
F6122_9_C_23	HETEROZYGOTE	FALL	1	0	0	0		0.052	0.886	0.001	0.059	0.001	0	0	0	0
F6122_9_C_24	LATE	FALL	1	0	0	0		0	0.952	0.047	0	0	0	0	0	0
F6122_9_C_25	LATE	FALL	1	0	0	0		0.101	0.896	0.002	0	0.001	0	0	0	0
F6122_9_C_26	HETEROZYGOTE	FALL	1	0	0	0		0.003	0.406	0.329	0.005	0.256	0	0	0	0
F6122_9_C_27	LATE	FALL	1	0	0	0		0.003	0.962	0.014	0.013	0.007	0	0	0	0
F6122_9_C_28	HETEROZYGOTE	FALL	1	0	0	0		0.018	0.965	0	0.01	0.007	0	0	0	0
F6122_9_C_29	LATE	FALL	0.86	0.14	0	0		0.006	0.81	0	0.018	0.027	0	0	0.139	0
F6122_9_C_3	LATE	FALL	1	0	0	0		0.009	0.034	0	0.001	0.957	0	0	0	0
F6122_9_C_30	LATE	FALL	1	0	0	0		0.194	0.008	0	0.099	0.699	0	0	0	0
F6122_9_C_31	HETEROZYGOTE	FALL	1	0	0	0		0.104	0.246	0.006	0.038	0.604	0	0	0.003	0
F6122_9_C_32	LATE	FALL	1	0	0	0		0.001	0.711	0	0.284	0.004	0	0	0	0
F6122_9_C_33	LATE	FALL	1	0	0	0		0.003	0	0	0.132	0.865	0	0	0	0
F6122_9_C_34	LATE	FALL	1	0	0	0		0	1	0	0	0	0	0	0	0
F6122_9_C_35	HETEROZYGOTE	FALL	1	0	0	0		0.007	0.016	0	0.005	0.967	0	0	0.004	0
F6122_9_C_36	LATE	FALL	1	0	0	0		0.004	0.967	0.008	0.005	0.016	0	0	0	0
F6122_9_C_37	LATE	FALL	1	0	0	0		0.008	0.974	0	0.002	0.016	0	0	0	0
F6122_9_C_38																
F6122_9_C_39																
F6122_9_C_4	HETEROZYGOTE	FALL	1	0	0	0		0	0.995	0.002	0.002	0.002	0	0	0	0
F6122_9_C_40	HETEROZYGOTE	FALL	1	0	0	0		0.075	0.128	0.003	0.257	0.538	0	0	0	0
F6122_9_C_41	LATE	FALL	1	0	0	0		0	0.995	0	0	0.005	0	0	0	0
F6122_9_C_42	LATE	FALL	1	0	0	0		0.012	0.041	0	0.909	0.038	0	0	0	0
F6122_9_C_43	EARLY	SPRING	1	0	0	0	Feather River Spring	0	0.999	0.001	0	0	0	0	0	0
F6122_9_C_44	LATE	FALL	1	0	0	0		0.788	0.052	0	0.001	0.156	0	0	0.003	0
F6122_9_C_45	EARLY	SPRING	1	0	0	0	Feather River Spring	0	0.075	0.924	0	0.001	0	0	0	0
F6122_9_C_46																
F6122_9_C_47	LATE	FALL	1	0	0	0		0.008	0.357	0.102	0.004	0.529	0	0	0	0
F6122_9_C_48	HETEROZYGOTE	FALL	1	0	0	0		0	0.993	0.007	0	0	0	0	0	0
F6122_9_C_49	LATE	FALL	1	0	0	0		0.001	0.814	0.001	0.015	0.168	0	0	0	0
F6122_9_C_5	HETEROZYGOTE	FALL	1	0	0	0		0.699	0.045	0	0.011	0.244	0	0	0	0
F6122_9_C_50	LATE	FALL	1	0	0	0		0	0	0	0.002	0.998	0	0	0	0
F6122_9_C_6																
F6122_9_C_7																
F6122_9_C_8	HETEROZYGOTE	FALL	1	0	0	0		0.007	0.353	0.003	0.601	0.035	0	0	0	0
F6122_9_C_9	LATE	FALL	1	0	0	0		0.003	0.997	0	0	0	0	0	0	0
F6122_9_D_1	LATE	FALL	1	0	0	0		0.003	0.032	0.01	0.061	0.893	0	0	0	0
F6122_9_D_10	LATE	FALL	1	0	0	0		0	0.982	0.007	0.006	0.005	0	0	0	0
F6122_9_D_11	HETEROZYGOTE	FALL	1	0	0	0		0	0.195	0.016	0.699	0.09	0	0	0	0
F6122_9_D_12	LATE	FALL	1	0	0	0		0.807	0.024	0.15	0.003	0.016	0	0	0	0
F6122_9_D_13	LATE	FALL	1	0	0	0		0	0.706	0.004	0.003	0.286	0	0	0	0
F6122_9_D_14	LATE	FALL	1	0	0	0		0.002	0.977	0.004	0.011	0.007	0	0	0	0
F6122_9_D_15	LATE	FALL	0.99	0.01	0	0		0	0.226	0.759	0.001	0.005	0	0	0.009	0
F6122_9_D_16	LATE	FALL	0.99	0.01	0	0		0.595	0.286	0.102	0.007	0	0	0	0.009	0
F6122_9_D_17	LATE	FALL	1	0	0	0		0.678	0.2	0.095	0.003	0.025	0	0	0	0
F6122_9_D_18	LATE	FALL	1	0	0	0		0	0.429	0	0.564	0.007	0	0	0	0
F6122_9_D_19	LATE	FALL	1	0	0	0		0.001	0.383	0.586	0.029	0.002	0	0	0	0
F6122_9_D_2	HETEROZYGOTE	FALL	1	0	0	0		0	0.005	0.001	0.083	0.912	0	0	0	0
F6122_9_D_20	EARLY	SPRING	1	0	0	0	Feather River Spring	0.001	0.867	0.006	0.079	0.047	0	0	0	0
F6122_9_D_21	LATE	FALL	1	0	0	0		0	0.08	0	0.481	0.439	0	0	0	0
F6122_9_D_22	LATE	FALL	1	0	0	0		0.286	0.299	0.001	0.055	0.36	0	0	0	0
F6122_9_D_23	LATE	FALL	1	0	0	0		0.001	0.026	0	0.754	0.218	0	0	0.001	0
F6122_9_D_24	LATE	FALL	1	0	0	0		0.002	0.013	0	0.887	0.097	0	0	0	0
F6122_9_D_25	LATE	FALL	1	0	0	0		0.002	0.932	0	0.002	0.064	0	0	0	0
F6122_9_D_26	HETEROZYGOTE	FALL	1	0	0	0		0.002	0.752	0.144	0.022	0.079	0	0	0.001	0
F6122_9_D_27	LATE	FALL	1	0	0	0		0.553	0.432	0	0.003	0.013	0	0	0	0
F6122_9_D_28	LATE	FALL	1	0	0	0		0	0.97	0	0.015	0.014	0	0	0	0
F6122_9_D_29	HETEROZYGOTE	FALL	1	0	0	0		0.004	0.807	0.188	0.001	0	0	0	0	0
F6122_9_D_3	HETEROZYGOTE	FALL	1	0	0	0		0.013	0.808	0.004	0.022	0.152	0	0	0	0
F6122_9_D_30	EARLY	SPRING	1	0	0	0	Feather River Spring	0.011	0.673	0.309	0.001	0.006	0	0	0	0
F6122_9_D_31	EARLY	SPRING	1	0	0	0	Feather River Spring	0.003	0.107	0.89	0	0	0	0	0	0
F6122_9_D_32	LATE	FALL	1	0	0	0		0.016	0.82	0.119	0	0.045	0	0	0	0
F6122_9_D_33	LATE	FALL	1	0	0	0		0.209	0.385	0.005	0.322	0.079	0	0	0	0
F6122_9_D_34	LATE	FALL	0.98	0.02	0	0		0	0.801	0.005	0.001	0.176	0	0	0.017	0
F6122_9_D_35	LATE	FALL	1	0	0	0		0.064	0.763	0.008	0.164	0	0	0	0.001	0
F6122_9_D_36	HETEROZYGOTE	FALL	0.99	0.01	0	0		0.018	0.235	0.003	0.05	0.683	0.001	0	0.009	0
F6122_9_D_37	LATE	FALL	1	0	0	0		0.003	0.993	0.002	0.001	0	0	0	0	0
F6122_9_D_38	LATE	FALL	1	0	0	0		0	0	0	0.011	0.988	0	0	0	0
F6122_9_D_39	HETEROZYGOTE	FALL	1	0	0	0		0	0.972	0.003	0.021	0.004	0	0	0	0
F6122_9_D_4	LATE	FALL	1	0	0	0		0.111	0.501	0.039	0.339	0.01	0	0	0	0
F6122_9_D_40	HETEROZYGOTE	FALL	1	0	0	0		0.545	0.439	0.014	0.002	0	0	0	0	0
F6122_9_D_41	LATE	FALL	0.96	0.04	0	0		0.012	0.112	0.005	0.245	0.586	0	0	0.04	0
F6122_9_D_5	LATE	FALL	0.98	0.02	0	0		0.057	0.079	0	0.015	0.831	0	0	0.018	0
F6122_9_D_6	LATE	FALL	0.98	0.02	0	0		0.087	0.154	0.002	0	0.74	0	0	0.017	0
F6122_9_D_7	HETEROZYGOTE	FALL	1	0	0	0		0.039	0.947	0.01	0.001	0.003	0	0	0	0
F6122_9_D_8	LATE	FALL	1	0	0	0		0.559	0.021	0	0	0.419	0	0	0	0
F6122_9_D_9	HETEROZYGOTE	FALL	1	0	0	0		0.237	0.014	0	0.002	0.747	0	0	0	0
KNL22_10_C_3	LATE	FALL	1	0	0	0		0.038	0.672	0.132	0.141	0.017	0	0	0	0
KNL22_10_D_1	LATE	FALL	1	0	0	0		0.002	0.785	0.208	0	0.005	0	0	0	0
KNL22_7_C_6	LATE	FALL	1	0	0	0		0	0.878	0	0.001	0.121	0	0	0	0
KNL22_7_D_1	HETEROZYGOTE	FALL	1	0	0	0		0.056	0.043	0.544	0.353	0.003	0	0	0	0
SB_2_A_1	HETEROZYGOTE	FALL	1	0	0	0		0	0.877	0.016	0.003	0.105	0	0	0	0
SB_2_A_10	LATE	FALL	0.58	0.42	0	0		0.01	0.384	0	0	0.188	0	0	0.417	0
SB_2_A_11																
SB_2_A_12																
SB_2_A_2	LATE	FALL	1	0	0	0		0	0.998	0.002	0	0	0	0	0	0
SB_2_A_3	LATE	FALL	1	0	0	0		0	0.982	0.013	0	0.001	0.003	0	0	0
SB_2_A_4		FALL	0.9	0.1	0	0		0.015	0.368	0.049	0.169	0.299	0.004	0	0.096	0
SB_2_A_5																
SB_2_A_6	LATE	FALL	1	0	0	0		0.651	0.177	0.006	0.013	0.153	0	0	0	0
SB_2_A_7																
SB_2_A_8	HETEROZYGOTE	FALL	0.92	0.08	0	0		0.057	0.216	0.094	0.42	0.135	0	0	0.078	0
SB_2_A_9		FALL	0.99	0.01	0	0		0.163	0.272	0.038	0.453	0.062	0.004	0	0.008	0
TIS_1_C_1	HETEROZYGOTE	WINTER	0	0	0	1		0	0	0	0	0	0	0	0	1
TIS22_4_B_1	HETEROZYGOTE	FALL	0.99	0.01	0	0		0.025	0.08	0.003	0.006	0.877	0	0	0.009	0
TIS22_4_B_2	EARLY	SPRING	0	0	1	0	ButteSp	0	0	0	0	0	1	0	0	0
TIS22_5_B_1	HETEROZYGOTE	FALL	1	0	0	0		0.146	0.843	0	0.011	0	0	0	0	0
TIS22_6_C_1	EARLY	SPRING	0.98	0.02	0	0	Feather River Spring	0.001	0.157	0	0.683	0.136	0	0	0.023	0
TIS22_6_C_10	HETEROZYGOTE	FALL	1	0	0	0		0	0	0.006	0	0.994	0	0	0	0
TIS22_6_C_2	LATE	FALL	1	0	0	0		0.001	0.615	0.001	0.374	0.01	0	0	0	0
TIS22_6_C_3	LATE	FALL	0.99	0.01	0	0		0.009	0.759	0.007	0.165	0.052	0	0	0.008	0
TIS22_6_C_4	LATE	FALL	1	0	0	0		0	0.992	0.002	0.003	0.002	0	0	0	0
TIS22_6_C_5	HETEROZYGOTE	FALL	1	0	0	0		0.01	0.988	0.002	0	0	0	0	0	0
TIS22_6_C_6	HETEROZYGOTE	FALL	1	0	0	0		0	0.132	0	0.06	0.808	0	0	0	0
TIS22_6_C_7	EARLY	SPRING	1	0	0	0	Feather River Spring	0	0.039	0.002	0.005	0.953	0	0	0	0
TIS22_6_C_8	HETEROZYGOTE	FALL	1	0	0	0		0.103	0.87	0	0.01	0.017	0	0	0	0
TIS22_6_C_9	LATE	FALL	1	0	0	0		0.003	0.974	0.014	0.001	0.008	0	0	0	0
TIS22_6_D_1	LATE	FALL	1	0	0	0		0.172	0.822	0.001	0	0.005	0	0	0	0
TIS22_6_D_2																
TIS22_7_C_1	LATE	FALL	1	0	0	0		0.135	0.313	0.042	0	0.51	0	0	0	0
TIS22_7_C_10	LATE	FALL	1	0	0	0		0	0.299	0.194	0.039	0.467	0	0	0.001	0
TIS22_7_C_2	HETEROZYGOTE	FALL	1	0	0	0		0	0.061	0.002	0.919	0.017	0	0	0	0
TIS22_7_C_3	LATE	FALL	1	0	0	0		0.047	0.942	0.001	0	0.009	0	0	0	0
TIS22_7_C_4	HETEROZYGOTE	FALL	1	0	0	0		0.004	0	0	0.04	0.956	0	0	0	0
TIS22_7_C_5	LATE	FALL	1	0	0	0		0.12	0.098	0.006	0.697	0.079	0	0	0	0
TIS22_7_C_6	LATE	FALL	1	0	0	0		0	0.7	0	0.025	0.274	0	0	0	0
TIS22_7_C_7_a	LATE	FALL	1	0	0	0		0.031	0.951	0.006	0.009	0.001	0	0	0.001	0
TIS22_7_C_7_b	LATE	FALL	1	0	0	0		0.046	0.941	0.001	0.009	0.001	0	0	0.001	0
TIS22_7_C_7_c	LATE	FALL	1	0	0	0		0.025	0.961	0.006	0.006	0.001	0	0	0	0
TIS22_7_C_8	LATE	FALL	1	0	0	0		0.01	0.436	0.47	0	0.084	0	0	0	0
TIS22_7_C_9	LATE	FALL	1	0	0	0		0.183	0.696	0.001	0.002	0.119	0	0	0	0
TIS22_9_C_10	LATE	FALL	1	0	0	0		0	0.233	0.025	0.004	0.737	0	0	0	0
TIS22_9_C_3	HETEROZYGOTE	FALL	1	0	0	0		0	0.019	0	0.935	0.046	0	0	0	0
TIS22_9_C_4	LATE	FALL	1	0	0	0		0.001	0.111	0	0.001	0.887	0	0	0	0
TIS22_9_C_5	LATE	FALL	1	0	0	0		0.159	0.736	0.043	0.057	0.005	0	0	0	0
TIS22_9_C_6	LATE	FALL	1	0	0	0		0.026	0.64	0.177	0.003	0.154	0	0	0	0
TIS22_9_C_7	LATE	FALL	1	0	0	0		0.001	0.014	0	0.005	0.979	0	0	0	0
TIS22_9_C_9	HETEROZYGOTE	FALL	1	0	0	0		0	0.993	0	0	0.006	0	0	0	0
TIS22_9_D_10	LATE	FALL	0.52	0.48	0	0		0	0.002	0	0.514	0.001	0	0	0.483	0
TIS22_9_D_2	HETEROZYGOTE	FALL	1	0	0	0		0.004	0.99	0.005	0.001	0	0	0	0	0
TIS22_9_D_3	LATE	FALL	1	0	0	0		0	0.925	0.02	0.032	0.023	0	0	0	0
TIS22_9_D_4	LATE	FALL	1	0	0	0		0.003	0.9	0.001	0.058	0.037	0	0	0	0
TIS22_9_D_6	LATE	FALL	1	0	0	0		0.001	0.087	0.001	0.786	0.125	0	0	0	0
TIS22_9_D_7	HETEROZYGOTE	FALL	1	0	0	0		0.131	0.692	0.121	0.056	0	0	0	0	0
TIS22_9_D_8	HETEROZYGOTE	FALL	1	0	0	0		0.064	0.928	0.006	0.001	0.001	0	0	0	0
TIS22_9_D_9	LATE	FALL	1	0	0	0		0.005	0.554	0	0.028	0.413	0	0	0	0
TISS22_9_D_5	HETEROZYGOTE	FALL	1	0	0	0		0	0.996	0.003	0	0.001	0	0	0	0
